placeId,name,rating,review,category,city,address,postalCode,imageUrl,url,location/lat,location/lng,phone,openingHours/0/day,openingHours/0/hours,openingHours/1/day,openingHours/1/hours,openingHours/2/day,openingHours/2/hours,openingHours/3/day,openingHours/3/hours,openingHours/4/day,openingHours/4/hours,openingHours/5/day,openingHours/5/hours,openingHours/6/day,openingHours/6/hours
ChIJ569mZIYp1i0RABy8uVtD5EE,Malang Night Paradise,4.6,16184,Wisata Rekreasi,Kota Malang,"Jl. Graha Kencana Raya Jl. Raya Karanglo No.66, Karanglo, Balearjosari, Kec. Blimbing, Kota Malang, Jawa Timur 65126, Indonesia",65126,https://lh5.googleusercontent.com/p/AF1QipMSBYuvYvSIJQJCeAv6-zl86xdJocvSCCPaEMVK=w408-h306-k-no,https://www.google.com/maps/search/?api=1&query=Malang%20Night%20Paradise&query_place_id=ChIJ569mZIYp1i0RABy8uVtD5EE,-7.9235099,112.6580123,+62 812-3363-1616,Monday,5:30 to 11 PM,Tuesday,5:30 to 11 PM,Wednesday,5:30 to 11 PM,Thursday,5:30 to 11 PM,Friday,5:30 to 11 PM,Saturday,5:30 to 11 PM,Sunday,5:30 to 11 PM
ChIJ3__ZfFMp1i0RZf7DgqJQR2E,Kampung Warna Warni Jodipan,4.5,1210,Wisata Rekreasi,Kota Malang,"Jl. Ir. H. Juanda No.RT.7, RT.09/RW.2, Jodipan, Kec. Blimbing, Kota Malang, Jawa Timur 65127, Indonesia",65127,https://lh5.googleusercontent.com/p/AF1QipO7YnlkJEISCNURBhAQoAh1EUZer7yvRhiVSoq9=w408-h306-k-no,https://www.google.com/maps/search/?api=1&query=Kampung%20Warna%20Warni%20Jodipan&query_place_id=ChIJ3__ZfFMp1i0RZf7DgqJQR2E,-7.9828594,112.6372279,,,,,,,,,,,,,,,
ChIJx2CsGxgo1i0RtBA4m_YOH-c,Alun Alun Malang,4.5,64009,Taman Kota,Kota Malang,"Jl. Merdeka Selatan, Kiduldalem, Kec. Klojen, Kota Malang, Jawa Timur 65119, Indonesia",65119,http://t1.gstatic.com/images?q=tbn:ANd9GcRxE_owUpc-fHsaxzTE035f2djNrMNUuLtZ_Ssw8s1M0iog6QH9,https://www.google.com/maps/search/?api=1&query=Alun%20Alun%20Malang&query_place_id=ChIJx2CsGxgo1i0RtBA4m_YOH-c,-7.9826145,112.6308113,,Monday,Open 24 hours,Tuesday,Open 24 hours,Wednesday,Open 24 hours,Thursday,Open 24 hours,Friday,Open 24 hours,Saturday,Open 24 hours,Sunday,Open 24 hours
ChIJG6mmtico1i0RwopjEeqj81E,Taman Slamet,4.4,4351,Taman Kota,Kota Malang,"Taman Slamet St No.8, Gading Kasri, Klojen, Kota Malang, East Java 65115, Indonesia",65115,https://lh5.googleusercontent.com/p/AF1QipMglKpXK3lRPg3sTnPVMZeNCLzbjqn29eyy4wjX=w408-h306-k-no,https://www.google.com/maps/search/?api=1&query=Taman%20Slamet&query_place_id=ChIJG6mmtico1i0RwopjEeqj81E,-7.973708,112.6224499,,Monday,Open 24 hours,Tuesday,Open 24 hours,Wednesday,Open 24 hours,Thursday,Open 24 hours,Friday,Open 24 hours,Saturday,Open 24 hours,Sunday,Open 24 hours
ChIJWSn4OgQp1i0R1hyPo61eSOw,Wendit Recreational Park,4.1,7656,Wisata Rekreasi,Kabupaten Malang,"Jl. Raya Wendit Tim., Lowoksoro, Mangliawan, Kec. Pakis, Kabupaten Malang, Jawa Timur 65154, Indonesia",65154,https://lh5.googleusercontent.com/p/AF1QipOCJsyLiIp2x7wGUoNP0oEpRcjIl44g4EE2mpII=w426-h240-k-no,https://www.google.com/maps/search/?api=1&query=Wendit%20Recreational%20Park&query_place_id=ChIJWSn4OgQp1i0R1hyPo61eSOw,-7.9524529,112.6749379,,Monday,7 AM to 5 PM,Tuesday,7 AM to 5 PM,Wednesday,7 AM to 5 PM,Thursday,7 AM to 5 PM,Friday,7 AM to 5 PM,Saturday,7 AM to 5 PM,Sunday,7 AM to 5 PM
ChIJPaDBAT4o1i0R2_8JhxMSY5g,Kampung Tridi,4.4,3239,Wisata Rekreasi,Kota Malang,"Jl. Temenggungan Ledok, Kesatrian, Kec. Blimbing, Kota Malang, Jawa Timur 65121, Indonesia",65121,https://lh5.googleusercontent.com/p/AF1QipOL8QEAEWjYKuTn7UkvBRCUXHjQkHHgdnV7Dllc=w408-h306-k-no,https://www.google.com/maps/search/?api=1&query=Kampung%20Tridi&query_place_id=ChIJPaDBAT4o1i0R2_8JhxMSY5g,-7.9822081,112.638085,+62 819-0840-1525,Monday,8 AM to 5 PM,Tuesday,8 AM to 5 PM,Wednesday,8 AM to 5 PM,Thursday,8 AM to 5 PM,Friday,8 AM to 5 PM,Saturday,8 AM to 5 PM,Sunday,8 AM to 5 PM
ChIJLUnu-D0o1i0RNWRF_2Rx4ck,Kampung Biru Arema,4.5,865,Wisata Rekreasi,Kota Malang,"2J9Q+F3G, Kiduldalem, Klojen, Kota Malang, East Java 65119, Indonesia",65119,https://lh5.googleusercontent.com/p/AF1QipONMY8JT42O1qgDtK6CTZUGFIX4fJjG3AaXcUZH=w408-h271-k-no,https://www.google.com/maps/search/?api=1&query=Kampung%20Biru%20Arema&query_place_id=ChIJLUnu-D0o1i0RNWRF_2Rx4ck,-7.9813051,112.6376925,,,,,,,,,,,,,,,
ChIJBVGM9Tso1i0R8U_5lMF8I7w,Trunojoyo Park,4.4,2495,Wisata Rekreasi,Kota Malang,"2JFP+CJC, Jl. Trunojoyo, Klojen, Kec. Klojen, Kota Malang, Jawa Timur 65111, Indonesia",65111,https://lh5.googleusercontent.com/p/AF1QipN727iVfS0s7nu63It8nFfHY3aY94-WQpuGQL9D=w408-h306-k-no,https://www.google.com/maps/search/?api=1&query=Trunojoyo%20Park&query_place_id=ChIJBVGM9Tso1i0R8U_5lMF8I7w,-7.9764328,112.6365191,,Monday,Open 24 hours,Tuesday,Open 24 hours,Wednesday,Open 24 hours,Thursday,Open 24 hours,Friday,Open 24 hours,Saturday,Open 24 hours,Sunday,Open 24 hours
ChIJ_5XFtvIp1i0Rbgh3Zi-Aq9g,Polowijen Cultural Village,4.4,518,Wisata Budaya,Kota Malang,"Jl. Cakalang, RT.3/RW.2, Polowijen, Kec. Blimbing, Kota Malang, Jawa Timur 65126, Indonesia",65126,https://lh5.googleusercontent.com/p/AF1QipNLaOJDGgTtNUHEHrBDtUc4eNytpxqIVyWPfPXL=w427-h240-k-no,https://www.google.com/maps/search/?api=1&query=Polowijen%20Cultural%20Village&query_place_id=ChIJ_5XFtvIp1i0Rbgh3Zi-Aq9g,-7.9293194,112.6433852,+62 815-5181-303,Monday,6 AM to 9:40 PM,Tuesday,6 AM to 9:40 PM,Wednesday,6 AM to 9:40 PM,Thursday,6 AM to 9:40 PM,Friday,6 AM to 9:40 PM,Saturday,6 AM to 9:40 PM,Sunday,6 AM to 9:40 PM
ChIJn3kqnBCCeC4R0e99aQkM2zM,Tlogomas Park,4.1,1700,Wisata Rekreasi,Kota Malang,"Jl. Baiduri Pandan No.17, Tlogomas, Kec. Lowokwaru, Kota Malang, Jawa Timur 65144, Indonesia",65144,https://lh5.googleusercontent.com/p/AF1QipPFJ8qPnueSuxCOvGzoP5VozSLUiTmcMHr-WrUA=w426-h240-k-no,https://www.google.com/maps/search/?api=1&query=Tlogomas%20Park&query_place_id=ChIJn3kqnBCCeC4R0e99aQkM2zM,-7.9306041,112.6046125,+62 341 580074,Monday,7 AM to 4:30 PM,Tuesday,7 AM to 4:30 PM,Wednesday,7 AM to 4:30 PM,Thursday,7 AM to 4:30 PM,Friday,7 AM to 4:30 PM,Saturday,7 AM to 4:30 PM,Sunday,7 AM to 4:30 PM
ChIJG5Ig5ioo1i0R-QoNW6XhL4g,Taman Kunang Kunang,4.3,2356,Wisata Rekreasi,Kota Malang,"2JPF+PFJ, Jalan Jakarta Oro-oro Dowo, Penanggungan, Kec. Klojen, Kota Malang, Jawa Timur 65113, Indonesia",65113,https://lh5.googleusercontent.com/p/AF1QipOyMm0BRYR7C0zToRUVKOBMDHNVCftf8UBy86NR=w408-h272-k-no,https://www.google.com/maps/search/?api=1&query=Taman%20Kunang%20Kunang&query_place_id=ChIJG5Ig5ioo1i0R-QoNW6XhL4g,-7.9631613,112.6236354,,Monday,Open 24 hours,Tuesday,Open 24 hours,Wednesday,Open 24 hours,Thursday,Open 24 hours,Friday,Open 24 hours,Saturday,Open 24 hours,Sunday,Open 24 hours
ChIJVxN4YY6BeC4R1d1EueGiN7o,Taman Rekreasi Sengkaling,4.3,9231,Wisata Rekreasi,Kabupaten Malang,"Jl. Raya Sengkaling No.188, Jetis, Mulyoagung, Kec. Dau, Kabupaten Malang, Jawa Timur 65153, Indonesia",65153,https://lh5.googleusercontent.com/p/AF1QipOHg3snhEHsRxjBzYI4T_mFBXJXRprV_lVdbjdr=w410-h240-k-no,https://www.google.com/maps/search/?api=1&query=Taman%20Rekreasi%20Sengkaling&query_place_id=ChIJVxN4YY6BeC4R1d1EueGiN7o,-7.9153841,112.5889089,+62 341 462260,Monday,6 AM to 5 PM,Tuesday,6 AM to 5 PM,Wednesday,6 AM to 5 PM,Thursday,6 AM to 5 PM,Friday,6 AM to 5 PM,Saturday,6 AM to 5 PM,Sunday,6 AM to 5 PM
ChIJl1cP9SEo1i0RXJ2TcxOAVQg,Tarekot Kota Malang Park,4.0,1323,Wisata Rekreasi,Kota Malang,"2JCM+C2X, Jl. Mojopahit, Kiduldalem, Kec. Klojen, Kota Malang, Jawa Timur 65119, Indonesia",65119,https://lh5.googleusercontent.com/p/AF1QipNSnRjAlXzh_7x7Cf99U3PneJE5HHkFNU3QKG9H=w408-h306-k-no,https://www.google.com/maps/search/?api=1&query=Tarekot%20Malang%20City%20Park&query_place_id=ChIJl1cP9SEo1i0RXJ2TcxOAVQg,-7.9788915,112.6326248,,,,,,,,,,,,,,,
ChIJW7-YBg8p1i0RI2QXDHNeDqA,Mata Air Wendit Lanang,4.3,948,Wisata Alam,Kabupaten Malang,"wendit utara Rt 4 Rw 8 Desa Mangliawan. kec. Pakis Kab Malang. Kp, Krajan, Mangliawan, Kec. Pakis, Kabupaten Malang, Jawa Timur 65154, Indonesia",65154,https://lh5.googleusercontent.com/p/AF1QipOi8m0ueVsVhSbyCjLqz3x1GTKxpV3UjvbgVtJM=w408-h306-k-no,https://www.google.com/maps/search/?api=1&query=Mata%20Air%20Wendit%20Lanang&query_place_id=ChIJW7-YBg8p1i0RI2QXDHNeDqA,-7.9476788,112.678187,,Monday,Open 24 hours,Tuesday,Open 24 hours,Wednesday,Open 24 hours,Thursday,Open 24 hours,Friday,Open 24 hours,Saturday,Open 24 hours,Sunday,Open 24 hours
ChIJCYcNrCQo1i0RLhAdinknz68,Brawijaya Edupark,4.2,2874,Wisata Edukasi,Kota Malang,"Jl. Kahuripan No.1, Klojen, Kec. Klojen, Kota Malang, Jawa Timur 65119, Indonesia",65119,https://lh5.googleusercontent.com/p/AF1QipPh0_H1iyKA_92blEITuKKNdug8NHsfIZuVBATK=w408-h306-k-no,https://www.google.com/maps/search/?api=1&query=Brawijaya%20Edupark&query_place_id=ChIJCYcNrCQo1i0RLhAdinknz68,-7.975767,112.631746,,Monday,8 AM to 4 PM,Tuesday,8 AM to 4 PM,Wednesday,8 AM to 4 PM,Thursday,8 AM to 4 PM,Friday,8 AM to 4 PM,Saturday,8 AM to 4 PM,Sunday,8 AM to 4 PM
ChIJXwlGRiUo1i0R64MWy9n-NkQ,White Kampung Malang Travel,4.3,226,Wisata Rekreasi,Kota Malang,"2JGJ+V9V, Jl. Jaksa Agung Suprapto, Klojen, Kec. Klojen, Kota Malang, Jawa Timur 65112, Indonesia",65112,https://lh5.googleusercontent.com/p/AF1QipN441d6SVWlnAoPqR-uCnzBt55-tTwDtdxZKZrb=w408-h306-k-no,https://www.google.com/maps/search/?api=1&query=White%20Kampung%20Malang%20Travel&query_place_id=ChIJXwlGRiUo1i0R64MWy9n-NkQ,-7.9727599,112.6309237,+62 813-3675-5757,Monday,Open 24 hours,Tuesday,Open 24 hours,Wednesday,Open 24 hours,Thursday,Open 24 hours,Friday,Open 24 hours,Saturday,Open 24 hours,Sunday,Open 24 hours
ChIJz3VRJO-DeC4RCC1pBtCqWTk,Wisata Petik Jeruk,4.4,1130,Wisata Edukasi,Kabupaten Malang,"Jl. Watu Gede, RT.01/RW.01, Selorejo, Kec. Dau, Kabupaten Malang, Jawa Timur 65151, Indonesia",65151,https://lh5.googleusercontent.com/p/AF1QipNV_HEu3dUQoQCmA5PqaOQn3DALA_266HH7odNi=w408-h306-k-no,https://www.google.com/maps/search/?api=1&query=Wisata%20Petik%20Jeruk&query_place_id=ChIJz3VRJO-DeC4RCC1pBtCqWTk,-7.9390977,112.5538888,+62 823-3802-7000,Monday,8 AM to 3 PM,Tuesday,8 AM to 3 PM,Wednesday,8 AM to 3 PM,Thursday,8 AM to 3 PM,Friday,8 AM to 3 PM,Saturday,8 AM to 5 PM,Sunday,8 AM to 5 PM
ChIJ-83vmjwo1i0RkV1oV4hiiOI,Alun-Alun Tugu Malang,4.6,13371,Taman Kota,Kota Malang,"2JFM+4JW, Jl. Tugu, Kiduldalem, Kec. Klojen, Kota Malang, Jawa Timur 65111, Indonesia",65111,https://lh5.googleusercontent.com/p/AF1QipPXAmxP1b-8Lr_8Yu4aSbAAvLu-Lt4gvBb7ca7i=w451-h240-k-no,https://www.google.com/maps/search/?api=1&query=Alun-Alun%20Tugu%20Malang&query_place_id=ChIJ-83vmjwo1i0RkV1oV4hiiOI,-7.9771351,112.6340638,,Monday,Open 24 hours,Tuesday,Open 24 hours,Wednesday,Open 24 hours,Thursday,Open 24 hours,Friday,Open 24 hours,Saturday,Open 24 hours,Sunday,Open 24 hours
ChIJU4NEzy4o1i0RNsDDx2Zanew,Malabar City Forest,4.3,1478,Wisata Alam,Kota Malang,"2JJG+HJR, Jl. Malabar, Oro-oro Dowo, Kec. Klojen, Kota Malang, Jawa Timur 65119, Indonesia",65119,https://lh5.googleusercontent.com/p/AF1QipMdgOU0ns6jlqdWCMoyzaIO0w2MoA7pSdtbbEq7=w426-h240-k-no,https://www.google.com/maps/search/?api=1&query=Malabar%20City%20Forest&query_place_id=ChIJU4NEzy4o1i0RNsDDx2Zanew,-7.9685,112.626514,,Monday,Open 24 hours,Tuesday,Open 24 hours,Wednesday,Open 24 hours,Thursday,Open 24 hours,Friday,Open 24 hours,Saturday,Open 24 hours,Sunday,Open 24 hours
ChIJx6Buzt8p1i0RR5V5o4crP1s,Taman Krida Budaya Jawa Timur,4.5,7134,Wisata Budaya,Kota Malang,"Jl. Soekarno Hatta No.7, Jatimulyo, Kec. Lowokwaru, Kota Malang, Jawa Timur 65142, Indonesia",65142,https://lh5.googleusercontent.com/p/AF1QipM9X6Z-9YCutGu_nUIsZtglymlVaLc7sDRo37k=w408-h306-k-no,https://www.google.com/maps/search/?api=1&query=Taman%20Krida%20Budaya%20Jawa%20Timur&query_place_id=ChIJx6Buzt8p1i0RR5V5o4crP1s,-7.9426232,112.6225314,+62 341 471509,Monday,8 AM to 4 PM,Tuesday,8 AM to 4 PM,Wednesday,8 AM to 4 PM,Thursday,8 AM to 4 PM,Friday,8 AM to 4 PM,Saturday,Closed,Sunday,Closed
ChIJGZkISyko1i0Rp52mUl5OyMg,Merbabu Family Park,4.4,1161,Wisata Rekreasi,Kota Malang,"2JJG+R88, Jl. Merbabu, Oro-oro Dowo, Kec. Klojen, Kota Malang, Jawa Timur 65119, Indonesia",65119,https://lh5.googleusercontent.com/p/AF1QipPOj15vsKSqWMHAmMhONxMOKlpRThTZ_H1kxwxY=w408-h306-k-no,https://www.google.com/maps/search/?api=1&query=Merbabu%20Family%20Park&query_place_id=ChIJGZkISyko1i0Rp52mUl5OyMg,-7.967958,112.6258225,,Monday,Open 24 hours,Tuesday,Open 24 hours,Wednesday,Open 24 hours,Thursday,Open 24 hours,Friday,Open 24 hours,Saturday,Open 24 hours,Sunday,Open 24 hours
ChIJZwaMrlMp1i0R4G57o6sEZiE,Wisata Kali Cemplong,4.3,424,Wisata Alam,Kabupaten Malang,"Jl. Kapiworo II, Keduyo, Mangliawan, Kec. Pakis, Kabupaten Malang, Jawa Timur 65154, Indonesia",65154,https://lh5.googleusercontent.com/p/AF1QipNvlYEviqIY5KMxM89owDrKqCBm1FclMnhfiaO0=w408-h306-k-no,https://www.google.com/maps/search/?api=1&query=Wisata%20Kali%20Cemplong&query_place_id=ChIJZwaMrlMp1i0R4G57o6sEZiE,-7.9608731,112.6612112,,Monday,6:45 AM to 11 PM,Tuesday,6:45 AM to 11 PM,Wednesday,6:45 AM to 11 PM,Thursday,6:45 AM to 11 PM,Friday,6:45 AM to 11:30 PM,Saturday,6 AM to 11:30 PM,Sunday,6 AM to 11:30 PM
ChIJsbkAvokp1i0Rm_AcQocycRI,"Wisata Alam ""SUMBER GENTONG""",4.3,295,Wisata Alam,Kabupaten Malang,"Jl. H. Nur Rois, dusun Gentong, Tirtomoyo, Kec. Pakis, Kabupaten Malang, Jawa Timur 65154, Indonesia",65154,https://lh5.googleusercontent.com/p/AF1QipNbrAwTb9Ax02Zr6L3Gb3DI3K-cDcBwu_JuGenx=w426-h240-k-no,https://www.google.com/maps/search/?api=1&query=Wisata%20Alam%20%22SUMBER%20GENTONG%22&query_place_id=ChIJsbkAvokp1i0Rm_AcQocycRI,-7.9442783,112.6734667,+62 813-5933-3401,Monday,7 AM to 4:30 PM,Tuesday,7 AM to 4:30 PM,Wednesday,7:30 AM to 4:30 PM,Thursday,7:30 AM to 4:30 PM,Friday,7 AM to 4:30 PM,Saturday,7 AM to 4:30 PM,Sunday,7 AM to 4:30 PM
ChIJTymvf-Ap1i0R39iVHZGpYEc,Kasembon Rafting - Marketing Office,4.4,391,Wisata Budaya,Kota Malang,"Jl. Bunga Kumis Kucing No.46, Jatimulyo, malang, Kota Malang, Jawa Timur 65141, Indonesia",65141,https://lh5.googleusercontent.com/p/AF1QipOeI83P1odPZCq_Up0asoeXwse2S_o9wNHPSHoN=w408-h270-k-no,https://www.google.com/maps/search/?api=1&query=Kasembon%20Rafting%20-%20Marketing%20Office&query_place_id=ChIJTymvf-Ap1i0R39iVHZGpYEc,-7.950725,112.619282,,Monday,8 AM to 4 PM,Tuesday,8 AM to 4 PM,Wednesday,8 AM to 4 PM,Thursday,8 AM to 4 PM,Friday,8 AM to 4 PM,Saturday,8 AM to 1 PM,Sunday,Closed
ChIJX0D9ZTwo1i0REX0uGVxtYKM,Monumen Juang 45,4.3,79,Wisata Budaya,Kota Malang,"2JCP+XGG, Jl. Kertanegara, Klojen, Kec. Klojen, Kota Malang, Jawa Timur 65111, Indonesia",65111,https://lh5.googleusercontent.com/p/AF1QipN1f7yN4lJdNKaJNTw9RgcM1YYuM9wU9KaVQv58=w408-h544-k-no,https://www.google.com/maps/search/?api=1&query=Monumen%20Juang%2045&query_place_id=ChIJX0D9ZTwo1i0REX0uGVxtYKM,-7.9775531,112.636329,,Monday,Open 24 hours,Tuesday,Open 24 hours,Wednesday,Open 24 hours,Thursday,Open 24 hours,Friday,Open 24 hours,Saturday,Open 24 hours,Sunday,Open 24 hours
ChIJ-zKgjDwo1i0ROsCws1HNSAY,Bis Wisata Malang (Macito),3.7,114,Wisata Rekreasi,Kota Malang,"Jl. Gajahmada No.2, Kiduldalem, Kec. Klojen, Kota Malang, Jawa Timur 65119, Indonesia",65119,https://lh5.googleusercontent.com/p/AF1QipM-0l5v6K-Q2wcvp2XO7qCWNbGBe8kJ7W2hxLpH=w426-h240-k-no,https://www.google.com/maps/search/?api=1&query=Bis%20Wisata%20Malang%20(Macito)&query_place_id=ChIJ-zKgjDwo1i0ROsCws1HNSAY,-7.9793836,112.6311007,,Monday,8 AM to 1 PM,Tuesday,8 AM to 1 PM,Wednesday,8 AM to 1 PM,Thursday,8 AM to 1 PM,Friday,8 AM to 1 PM,Saturday,8 AM to 1 PM,Sunday,8 AM to 1 PM
ChIJBRu9Bw8q1i0RQlfr9jMy5Eg,Water Park Tirtasani,4.2,1540,Wisata Rekreasi,Kabupaten Malang,"Perum Tirtasani Royal Resort, Jl. Perusahaan Raya No.1, Karangploso Wetan, Kepuharjo, Kec. Karang Ploso, Kabupaten Malang, Jawa Timur 65152, Indonesia",65152,https://lh5.googleusercontent.com/p/AF1QipNR7ee5q4bpGOfvsVs6i9DRkJxUaybAGUoN5pjR=w408-h306-k-no,https://www.google.com/maps/search/?api=1&query=Water%20Park%20Tirtasani&query_place_id=ChIJBRu9Bw8q1i0RQlfr9jMy5Eg,-7.909525,112.627203,+62 857-0695-1955,Monday,8:30 AM to 3:30 PM,Tuesday,8:30 AM to 3:30 PM,Wednesday,8:30 AM to 3:30 PM,Thursday,8:30 AM to 3:30 PM,Friday,8:30 AM to 3:30 PM,Saturday,8:30 AM to 3:30 PM,Sunday,8:30 AM to 3:30 PM
ChIJbYaedhYo1i0ROZD38Ldaago,KWJ MALANG,4.5,277,Wisata Rekreasi,Kota Malang,"2J8P+QX9, KWJ, Blimbing, Kota Malang, East Java, Indonesia",,https://lh5.googleusercontent.com/p/AF1QipPSlUHCd2C6AKdgInIZ6vjrmvf0VhtJ-SJxqTRn=w408-h509-k-no,https://www.google.com/maps/search/?api=1&query=KWJ%20MALANG&query_place_id=ChIJbYaedhYo1i0ROZD38Ldaago,-7.9831,112.6374847,,Monday,Open 24 hours,Tuesday,Open 24 hours,Wednesday,Open 24 hours,Thursday,Open 24 hours,Friday,Open 24 hours,Saturday,Open 24 hours,Sunday,Open 24 hours
ChIJvWqpXyop1i0RECn5leQUQUw,Kajoetangan Heritage Village,4.6,3678,Wisata Sejarah,Kota Malang,"Jl. Jenderal Bauki Rahmat Gg. 4, Kauman, Kec. Klojen, Kota Malang, Jawa Timur 65119, Indonesia",65119,https://lh5.googleusercontent.com/p/AF1QipO7KF1J7ZkoZmLus3a9U4SxnvNfSoR-4HVg9qkU=w408-h543-k-no,https://www.google.com/maps/search/?api=1&query=Kajoetangan%20Heritage%20Village&query_place_id=ChIJvWqpXyop1i0RECn5leQUQUw,-7.9789771,112.6293516,,Monday,7 AM to 6:30 PM,Tuesday,7 AM to 6:30 PM,Wednesday,7 AM to 6:30 PM,Thursday,7 AM to 6:30 PM,Friday,7 AM to 6:30 PM,Saturday,7 AM to 6:30 PM,Sunday,7 AM to 6:30 PM
ChIJ82XBv44p1i0RoqC1F8ccKvw,Kendedes Park,4.5,2968,Wisata Rekreasi,Kota Malang,"Jl. Jend. Ahmad Yani Utara No.4, Balearjosari, Kec. Blimbing, Kota Malang, Jawa Timur 65126, Indonesia",65126,https://lh5.googleusercontent.com/p/AF1QipPiJCsWtvormVtv89SL3cnfAxngQDNfFuiZ0Ma0=w408-h306-k-no,https://www.google.com/maps/search/?api=1&query=Kendedes%20Park&query_place_id=ChIJ82XBv44p1i0RoqC1F8ccKvw,-7.9261358,112.6508536,,Monday,Open 24 hours,Tuesday,Open 24 hours,Wednesday,Open 24 hours,Thursday,Open 24 hours,Friday,Open 24 hours,Saturday,Open 24 hours,Sunday,Open 24 hours
ChIJaV23xjwo1i0RrcWd9L1FjOQ,Wisma Tumapel,4.3,350,Wisata Sejarah,Kota Malang,"Jalan Tumapel No.1, Kiduldalem, Klojen, Kauman, Kec. Klojen, Kota Malang, Jawa Timur 65119, Indonesia",65119,https://lh5.googleusercontent.com/p/AF1QipMQ1toIJjpZy9exORrFdrt0DswCSu4TQemnYgas=w408-h306-k-no,https://www.google.com/maps/search/?api=1&query=Wisma%20Tumapel&query_place_id=ChIJaV23xjwo1i0RrcWd9L1FjOQ,-7.9782186,112.6327729,,Monday,Open 24 hours,Tuesday,Open 24 hours,Wednesday,Open 24 hours,Thursday,Open 24 hours,Friday,Open 24 hours,Saturday,Open 24 hours,Sunday,Open 24 hours
ChIJTdH9yoqCeC4Ro_BqArWNqx8,Wisata Lembah Dieng,4.3,108,Wisata Alam,Kota Malang,"Jl. Lembah Dieng No.G 23, Sumberjo, Kalisongo, Kec. Dau, Kota Malang, Jawa Timur 65151, Indonesia",65151,https://lh5.googleusercontent.com/p/AF1QipN6G0JHMS0-k79V1U8JSNd_NAfGgyL50QRBo0Lk=w408-h306-k-no,https://www.google.com/maps/search/?api=1&query=Wisata%20Lembah%20Dieng&query_place_id=ChIJTdH9yoqCeC4Ro_BqArWNqx8,-7.9649155,112.5961882,,Monday,6 AM to 4:30 PM,Tuesday,6 AM to 4:30 PM,Wednesday,6 AM to 4:30 PM,Thursday,6 AM to 4:30 PM,Friday,6 AM to 4:30 PM,Saturday,6 AM to 4:30 PM,Sunday,6 AM to 4:30 PM
ChIJEwohbyko1i0R3apowbfPXTk,Ijen Park,4.7,3346,Wisata Rekreasi,Kota Malang,"Ijen St No.73, Oro-oro Dowo, Klojen, Kota Malang, East Java 65119, Indonesia",65119,https://lh5.googleusercontent.com/p/AF1QipP9nwCRw2u5k590UtP96VY1AQRLYnQSZO5tHY_o=w408-h306-k-no,https://www.google.com/maps/search/?api=1&query=Ijen%20Park&query_place_id=ChIJEwohbyko1i0R3apowbfPXTk,-7.9677826,112.6238808,,Monday,Open 24 hours,Tuesday,Open 24 hours,Wednesday,Open 24 hours,Thursday,Open 24 hours,Friday,Open 24 hours,Saturday,Open 24 hours,Sunday,Open 24 hours
ChIJ86Z-3mQp1i0R9_SH81jxLOc,Taman Rampal,4.3,47,Wisata Rekreasi,Kota Malang,"Jl. Panglima Sudirman No.64, Kesatrian, Kec. Blimbing, Kota Malang, Jawa Timur 65124, Indonesia",65124,https://lh5.googleusercontent.com/p/AF1QipOP7coz5Fh3mCZKGmXtUui-o0Fdg1w8MVRrax7w=w408-h543-k-no,https://www.google.com/maps/search/?api=1&query=Taman%20Rampal&query_place_id=ChIJ86Z-3mQp1i0R9_SH81jxLOc,-7.9740814,112.641804,+62 811-3666-145,Monday,8 AM to 9:30 PM,Tuesday,8 AM to 9:30 PM,Wednesday,8 AM to 9:30 PM,Thursday,8 AM to 9:30 PM,Friday,8 AM to 9:30 PM,Saturday,7:30 AM to 9:30 PM,Sunday,7:30 AM to 9:30 PM
ChIJ3-anZmyCeC4RW8r6-oaITCs,Taman Singha Merjosari,4.5,9057,Wisata Rekreasi,Kota Malang,"Jl. Mertojoyo Selatan Blk. B No.20, Merjosari, Kec. Lowokwaru, Kota Malang, Jawa Timur 65144, Indonesia",65144,https://lh5.googleusercontent.com/p/AF1QipNlR7uAjzdRIBRdMvRZlmqTMX8RABkD0PK-_64k=w408-h306-k-no,https://www.google.com/maps/search/?api=1&query=Taman%20Singha%20Merjosari&query_place_id=ChIJ3-anZmyCeC4RW8r6-oaITCs,-7.9451478,112.6032275,,Monday,Open 24 hours,Tuesday,Open 24 hours,Wednesday,Open 24 hours,Thursday,Open 24 hours,Friday,Open 24 hours,Saturday,Open 24 hours,Sunday,Open 24 hours
ChIJm6elpsmt1y0RWvNj-xmoz8E,Wana Wisata Perhutani Malang,4.6,98,Wisata Edukasi,Kota Malang,"Wisata minat khusus, Jl. Dr. Cipto Destinasi Wisata No.14a, Rampal Celaket, Kec. Klojen, Kota Malang, Jawa Timur 65111, Indonesia",65111,https://lh5.googleusercontent.com/p/AF1QipNYpHTU4ZYmYxeaesV7dhELDmj-4cwJUMY1NXWc=w427-h240-k-no,https://www.google.com/maps/search/?api=1&query=Wana%20Wisata%20Perhutani%20Malang&query_place_id=ChIJm6elpsmt1y0RWvNj-xmoz8E,-7.968701,112.6351501,+62 812-3541-9696,Monday,8 AM to 4 PM,Tuesday,8 AM to 4 PM,Wednesday,8 AM to 4 PM,Thursday,8 AM to 4 PM,Friday,8 AM to 4 PM,Saturday,Open 24 hours,Sunday,Open 24 hours
ChIJq8mE2BUo1i0RFiMQmFVnBwI,Jembatan Kaca Ngalam Indonesia,4.3,117,Wisata Rekreasi,Kota Malang,"2J8Q+P4C, Kesatrian, Blimbing, Kota Malang, East Java, Indonesia",,https://lh5.googleusercontent.com/p/AF1QipNIW2_8D99bOwTBoGlQ-uXXjZ8HMYXTq3p5CNV4=w408-h305-k-no,https://www.google.com/maps/search/?api=1&query=Jembatan%20Kaca%20Ngalam%20Indonesia&query_place_id=ChIJq8mE2BUo1i0RFiMQmFVnBwI,-7.9831936,112.637773,,Monday,6 AM to 5 PM,Tuesday,6 AM to 5 PM,Wednesday,6 AM to 5 PM,Thursday,6 AM to 5 PM,Friday,6 AM to 5 PM,Saturday,6 AM to 5 PM,Sunday,6 AM to 5 PM
ChIJVwXVhf6DeC4RXKdNYzmPOuM,Wisata Alam Lembah Gunung Sari Desa Kucur,4.5,418,Wisata Alam,Kabupaten Malang,"Jl. Raya Klampok Kucur, Turi, Kucur, Kec. Dau, Kabupaten Malang, Jawa Timur 65151, Indonesia",65151,https://lh5.googleusercontent.com/p/AF1QipNq4Sm0kgLhHF3-8pHqH_zVLXUixKxBDH0yDqOz=w408-h544-k-no,https://www.google.com/maps/search/?api=1&query=Wisata%20Alam%20Lembah%20Gunung%20Sari%20Desa%20Kucur&query_place_id=ChIJVwXVhf6DeC4RXKdNYzmPOuM,-7.9630258,112.5556656,+62 857-0813-5811,Monday,8 AM to 4 PM,Tuesday,8 AM to 4 PM,Wednesday,8 AM to 4 PM,Thursday,8 AM to 4 PM,Friday,Closed,Saturday,8 AM to 4 PM,Sunday,8 AM to 4 PM
ChIJO0N9CPkr1i0RzWG9oiDbUxw,SUMBER UMBULAN LOWOKSARI,4.4,194,Wisata Alam,Kabupaten Malang,"4J2F+C8H, Mojosari, Ngenep, Kec. Karang Ploso, Kabupaten Malang, Jawa Timur 65152, Indonesia",65152,https://lh5.googleusercontent.com/p/AF1QipOkWYk7i3Jpm8s36jU5bPw2HQ4TpBfw8JKsgx5i=w426-h240-k-no,https://www.google.com/maps/search/?api=1&query=SUMBER%20UMBULAN%20LOWOKSARI&query_place_id=ChIJO0N9CPkr1i0RzWG9oiDbUxw,-7.8989271,112.6233729,,,,,,,,,,,,,,,
ChIJv6xLETwo1i0RIluXtND9rtA,Patung Singo Edan Arema,4.5,203,Wisata Rekreasi,Kota Malang,"Klojen, Kota Malang, East Java, Indonesia",,https://lh5.googleusercontent.com/p/AF1QipNVCjZtWEVKgo3sH-MT5OonKLLWvysfvuOTTK50=w408-h270-k-no,https://www.google.com/maps/search/?api=1&query=Patung%20Singo%20Edan%20Arema&query_place_id=ChIJv6xLETwo1i0RIluXtND9rtA,-7.977314,112.6366485,,Monday,Open 24 hours,Tuesday,Open 24 hours,Wednesday,Open 24 hours,Thursday,Open 24 hours,Friday,Open 24 hours,Saturday,Open 24 hours,Sunday,Open 24 hours
ChIJI3biZGIp1i0RoNMZbItF5N0,Chinatown Malang,4.6,61,Wisata Rekreasi,Kota Malang,"Jl. Zainul Arifin No.109, Sukoharjo, Kec. Klojen, Kota Malang, Jawa Timur 65118, Indonesia",65118,https://lh5.googleusercontent.com/p/AF1QipNPiNHEZWb61gPXXe6JXhYWfSj9JSCKqnDiFEss=w408-h544-k-no,https://www.google.com/maps/search/?api=1&query=Chinatown%20Malang&query_place_id=ChIJI3biZGIp1i0RoNMZbItF5N0,-7.9860032,112.6334661,,Monday,Open 24 hours,Tuesday,Open 24 hours,Wednesday,Open 24 hours,Thursday,Open 24 hours,Friday,Open 24 hours,Saturday,Open 24 hours,Sunday,Open 24 hours
ChIJGfMGCI8r1i0R0-D2tqP2TgE,Sumber Umbulan,4.5,783,Wisata Alam,Kabupaten Malang,"Jl. Langlang No.3 RT.11, Langlang II, Langlang, Kec. Singosari, Kabupaten Malang, Jawa Timur 65153, Indonesia",65153,https://lh5.googleusercontent.com/p/AF1QipOW0wR8vOc8vmE1t0a7CB2vk9Jzbwvikn29_wRW=w408-h306-k-no,https://www.google.com/maps/search/?api=1&query=Sumber%20Umbulan&query_place_id=ChIJGfMGCI8r1i0R0-D2tqP2TgE,-7.8953581,112.6290045,,Monday,Open 24 hours,Tuesday,Open 24 hours,Wednesday,Open 24 hours,Thursday,Open 24 hours,Friday,Open 24 hours,Saturday,Open 24 hours,Sunday,Open 24 hours
ChIJ00-qJ3OCeC4RukDpyk2ASVo,Kampung Wisata Keramik Dinoyo,4.5,713,Wisata Edukasi,Kota Malang,"Jl. Mt Haryono 9 No.336, Dinoyo, Kec. Lowokwaru, Kota Malang, Jawa Timur 65144, Indonesia",65144,https://lh5.googleusercontent.com/p/AF1QipPH12FbX5w2XuPEDjyyNzSUfP1ZjjQIzSvi734r=w408-h306-k-no,https://www.google.com/maps/search/?api=1&query=Kampung%20Wisata%20Keramik%20Dinoyo&query_place_id=ChIJ00-qJ3OCeC4RukDpyk2ASVo,-7.9418156,112.6116907,+62 812-3553-1979,Monday,8 AM to 3 PM,Tuesday,8 AM to 3 PM,Wednesday,8 AM to 3 PM,Thursday,8 AM to 3 PM,Friday,8 AM to 3 PM,Saturday,8 AM to 3 PM,Sunday,8 AM to 3 PM
ChIJ-wpZ6tEr1i0RriNhQFXvUPU,"Wisata Sumber Air "" DAM COKRO "" Lowoksari",4.5,59,Wisata Alam,Kabupaten Malang,"Mojosari, Ngenep, Karang Ploso, Kabupaten Malang, East Java 65152, Indonesia",65152,https://lh5.googleusercontent.com/p/AF1QipPcjmP9fby5s2BQabd9BwJExktjy6ajTN4D1TUW=w408-h270-k-no,https://www.google.com/maps/search/?api=1&query=Wisata%20Sumber%20Air%20%22%20DAM%20COKRO%20%22%20Lowoksari&query_place_id=ChIJ-wpZ6tEr1i0RriNhQFXvUPU,-7.9000712,112.6239566,+62 877-9311-3515,Monday,7 AM to 5 PM,Tuesday,7 AM to 5 PM,Wednesday,7 AM to 5 PM,Thursday,7 AM to 5 PM,Friday,7 AM to 5 PM,Saturday,7 AM to 5 PM,Sunday,7 AM to 5 PM
ChIJMbRC2IiDeC4RCzG1APJBjnA,Museum Motor Klasik,5.0,2,Museum,Kota Malang,"Jl. Bunga Vinolia No.8b, Mojolangu, Kec. Lowokwaru, Kota Malang, Jawa Timur 65141, Indonesia",65141,https://lh5.googleusercontent.com/p/AF1QipOqzn0snOhWIEGgyiePFraPtoKTxOLyVtn5k-Br=w511-h240-k-no,https://www.google.com/maps/search/?api=1&query=Museum%20Motor%20Klasik&query_place_id=ChIJMbRC2IiDeC4RCzG1APJBjnA,-7.9348244,112.6140505,,,,,,,,,,,,,,,
ChIJGYOkzigo1i0RTQmYBKrHQD8,Taman Cerme Gramophone,4.3,115,Wisata Rekreasi,Kota Malang,"Jl. Merbabu No.4, Oro-oro Dowo, Kec. Klojen, Kota Malang, Jawa Timur 65119, Indonesia",65119,https://lh5.googleusercontent.com/p/AF1QipPjM3S1dnY1J0AEae24nkAk7HamF9BQ9yGcmEhT=w408-h306-k-no,https://www.google.com/maps/search/?api=1&query=Taman%20Cerme%20Gramophone&query_place_id=ChIJGYOkzigo1i0RTQmYBKrHQD8,-7.9703423,112.6252428,+62 341 324989,Monday,Open 24 hours,Tuesday,Open 24 hours,Wednesday,Open 24 hours,Thursday,Open 24 hours,Friday,Open 24 hours,Saturday,Open 24 hours,Sunday,Open 24 hours
ChIJS4O4J3Io1i0R-DXjMzPjmfI,Coban Amprong,4.0,40,Wisata Alam,Kota Malang,"2J4X+VRF, Kedungkandang, Kota Malang, East Java 65137, Indonesia",65137,https://lh5.googleusercontent.com/p/AF1QipPWwWY08eRt9zVGCzshvZgBYlYTPZiNhk_AqNUh=w408-h258-k-no,https://www.google.com/maps/search/?api=1&query=Coban%20Amprong&query_place_id=ChIJS4O4J3Io1i0R-DXjMzPjmfI,-7.99282,112.6495368,,Monday,Open 24 hours,Tuesday,Open 24 hours,Wednesday,Open 24 hours,Thursday,Open 24 hours,Friday,Open 24 hours,Saturday,Open 24 hours,Sunday,Open 24 hours
ChIJA5mkCtwn1i0RHd32Zm1Ei1Q,Rolak stream,4.6,48,Wisata Rekreasi,Kota Malang,"2M63+3JC, kh, Jalan.K.Hasyim Kedungkandang V, Kedungkandang, Kec. Kedungkandang, Kota Malang, Jawa Timur 65137, Indonesia",65137,https://lh5.googleusercontent.com/p/AF1QipOfWywdL_4i61kqmLmdPva3yauZz5QOhgrsCFVg=w408-h725-k-no,https://www.google.com/maps/search/?api=1&query=Rolak%20stream&query_place_id=ChIJA5mkCtwn1i0RHd32Zm1Ei1Q,-7.9898171,112.654001,+62 813-3349-1315,,,,,,,,,,,,,,
ChIJX_K6ANKCeC4RwEbLmJX4NeY,Coban Glotak,4.5,881,Wisata Alam,Kabupaten Malang,"2G9C+5F3, Jalan Raya Coban Glothak, Area Hutan, Dalisodo, Wagir, Kabupaten Malang, East Java 65158, Indonesia",65158,https://lh5.googleusercontent.com/p/AF1QipNi-J6vwHD4xUgjFu4Mdyy8Y-eLMhhbd_VXV2-j=w408-h272-k-no,https://www.google.com/maps/search/?api=1&query=Coban%20Glotak&query_place_id=ChIJX_K6ANKCeC4RwEbLmJX4NeY,-7.9821112,112.5211667,,Monday,7 AM to 5 PM,Tuesday,7 AM to 5 PM,Wednesday,7 AM to 5 PM,Thursday,7 AM to 5 PM,Friday,7 AM to 5 PM,Saturday,7 AM to 5 PM,Sunday,7 AM to 5 PM
ChIJK8JyWQ2DeC4RTTJauo0glgs,Wisata KPH Pasuruan,5.0,3,Wisata Rekreasi,Kota Malang,"Jl. Terusan Kawi No.1, Bareng, Kec. Klojen, Kota Malang, Jawa Timur 65116, Indonesia",65116,https://lh5.googleusercontent.com/p/AF1QipPj35Qj1_cwYTOO26qbALMQdgmYiunb8KF1sMUq=w426-h240-k-no,https://www.google.com/maps/search/?api=1&query=Wisata%20KPH%20Pasuruan&query_place_id=ChIJK8JyWQ2DeC4RTTJauo0glgs,-7.9743853,112.6165748,+62 896-6895-9214,,,,,,,,,,,,,,
ChIJJ299v28o1i0RMUFUd7mWvSk,Taman Wisata Edukasi Buring Kedungkandang,4.3,257,Wisata Edukasi,Kota Malang,"2M63+4HG, Jl. Kedung Kandang Gg. VII, Kedungkandang, Kec. Kedungkandang, Kota Malang, Jawa Timur 65137, Indonesia",65137,https://lh5.googleusercontent.com/p/AF1QipNFSjleMa25u2OdoLYGSf5YClr_LN7sInYXJFiv=w408-h306-k-no,https://www.google.com/maps/search/?api=1&query=Taman%20Wisata%20Edukasi%20Buring%20Kedungkandang&query_place_id=ChIJJ299v28o1i0RMUFUd7mWvSk,-7.9896814,112.6539451,,Monday,Open 24 hours,Tuesday,Open 24 hours,Wednesday,Open 24 hours,Thursday,Open 24 hours,Friday,Open 24 hours,Saturday,Open 24 hours,Sunday,Open 24 hours
ChIJdQCp2Sco1i0RZcIIQN5ZjZE,Idjen Boulevard,4.8,4894,Wisata Alam,Kota Malang,"2JHC+3P4, Ijen St, Oro-oro Dowo, Klojen, Kota Malang, East Java 65115, Indonesia",65115,https://lh5.googleusercontent.com/p/AF1QipMGBaTwvgDVygkJ4IvN14slAllSJX2E7nc-VymC=w408-h408-k-no,https://www.google.com/maps/search/?api=1&query=Idjen%20Boulevard&query_place_id=ChIJdQCp2Sco1i0RZcIIQN5ZjZE,-7.9723621,112.6218397,,Monday,Open 24 hours,Tuesday,Open 24 hours,Wednesday,Open 24 hours,Thursday,Open 24 hours,Friday,Open 24 hours,Saturday,Open 24 hours,Sunday,Open 24 hours
ChIJE8ekJbWGeC4ROWkY3kFPctM,Coban Rais,4.1,5272,Wisata Alam,Kota Batu,"Jalur Lkr. Bar. No.8, Oro-Oro Ombo, Kec. Batu, Kota Batu, Jawa Timur 65316, Indonesia",65316,https://lh5.googleusercontent.com/p/AF1QipMJNW9xK1LzJvGT8eyayVsgg0pivekFA0Zm3jU=w408-h306-k-no,https://www.google.com/maps/search/?api=1&query=Coban%20Rais&query_place_id=ChIJE8ekJbWGeC4ROWkY3kFPctM,-7.9116767,112.5184342,,Monday,7 AM to 3 PM,Tuesday,7 AM to 3 PM,Wednesday,7 AM to 3 PM,Thursday,7 AM to 3 PM,Friday,7 AM to 3 PM,Saturday,7 AM to 3 PM,Sunday,7 AM to 3 PM
ChIJOaNhE9SBeC4RcmVmwxXBpjQ,Sweetmemoriesselfie,4.7,71,Wisata Rekreasi,Kota Malang,"Gajah Mada Plaza, Jl. Agus Salim No.18 Lantai 3, Sukoharjo, Kec. Klojen, Kota Malang, Jawa Timur 65119, Indonesia",65119,https://lh5.googleusercontent.com/p/AF1QipNNje6_E3Rww4WFHRgt3sqO6xYuLVYB0RkCKg9y=w426-h240-k-no,https://www.google.com/maps/search/?api=1&query=Sweetmemoriesselfie&query_place_id=ChIJOaNhE9SBeC4RcmVmwxXBpjQ,-7.983933,112.6321102,+62 822-2803-6100,Monday,11 AM to 8 PM,Tuesday,11 AM to 8 PM,Wednesday,11 AM to 8 PM,Thursday,11 AM to 8 PM,Friday,11 AM to 8 PM,Saturday,11 AM to 8 PM,Sunday,11 AM to 8 PM
ChIJUXg4uxcp1i0RMS-xd8uYOpc,Kampung Sekabrom,5.0,2,Wisata Rekreasi,Kota Malang,"2JFH+F8V, Oro-oro Dowo, Klojen, Kota Malang, East Java 65119, Indonesia",65119,https://lh5.googleusercontent.com/p/AF1QipMe3QY7oa3d6AU7yHA79qp0QsGGvzigWrF1UgM=w408-h544-k-no,https://www.google.com/maps/search/?api=1&query=Kampung%20Sekabrom&query_place_id=ChIJUXg4uxcp1i0RMS-xd8uYOpc,-7.9762559,112.6283112,,,,,,,,,,,,,,,
ChIJ1YTFHCko1i0RAity7NV-lEQ,Brawijaya Museum,4.5,6923,Museum,Kota Malang,"Ijen St No.25A, Gading Kasri, Klojen, Kota Malang, East Java 65115, Indonesia",65115,https://lh5.googleusercontent.com/p/AF1QipPd1tlHaTX_5w4F0T88xGfkKHMZ_rTDo6_Gm05Q=w408-h270-k-no,https://www.google.com/maps/search/?api=1&query=Brawijaya%20Museum&query_place_id=ChIJ1YTFHCko1i0RAity7NV-lEQ,-7.9721325,112.621209,,Monday,8 AM to 3 PM,Tuesday,8 AM to 3 PM,Wednesday,8 AM to 3 PM,Thursday,8 AM to 3 PM,Friday,8 AM to 3 PM,Saturday,8 AM to 3 PM,Sunday,8 AM to 3 PM
ChIJXanRI2eCeC4RUU37IEzz_ZU,Badut Temple,4.5,1619,Wisata Sejarah,Kabupaten Malang,"Jl. Raya Candi V No.5D, Doro, Karangwidoro, Kec. Dau, Kabupaten Malang, Jawa Timur 65151, Indonesia",65151,http://t2.gstatic.com/images?q=tbn:ANd9GcRWZlZCYW0ZjQgv2pdHk_YkFNpK5V3tF7hA72mEf_xIVTbdDqy1,https://www.google.com/maps/search/?api=1&query=Badut%20Temple&query_place_id=ChIJXanRI2eCeC4RUU37IEzz_ZU,-7.9577761,112.5986081,,,,,,,,,,,,,,,
ChIJqbCOwW8o1i0RIsC1iiCjETE,Taman Edukasi Rolak Kedungkandang,4.5,217,Wisata Edukasi,Kota Malang,"Kedungkandang, Kota Malang, East Java 65137, Indonesia",65137,https://lh5.googleusercontent.com/p/AF1QipNmJ9p9gOeDNXcAi70G2UvhAQJ3B0Voo7nPVUHs=w408-h305-k-no,https://www.google.com/maps/search/?api=1&query=Taman%20Edukasi%20Rolak%20Kedungkandang&query_place_id=ChIJqbCOwW8o1i0RIsC1iiCjETE,-7.9897566,112.6540108,+62 813-3323-2456,Monday,Open 24 hours,Tuesday,Open 24 hours,Wednesday,Open 24 hours,Thursday,Open 24 hours,Friday,Open 24 hours,Saturday,Open 24 hours,Sunday,Open 24 hours
ChIJn3sYu-sp1i0R3qkOE1GHE7o,Kampung Semar Malang,4.6,8,Wisata Rekreasi,Kota Malang,"3MC3+FW7, Jl. Tlk. Pelabuhan Ratu, Arjosari, Kec. Blimbing, Kota Malang, Jawa Timur 65126, Indonesia",65126,https://lh5.googleusercontent.com/p/AF1QipP42qj6vsj67hf0-eJ7_nx0AzrdBSmRhktokd5A=w544-h240-k-no,https://www.google.com/maps/search/?api=1&query=Kampung%20Semar%20Malang&query_place_id=ChIJn3sYu-sp1i0R3qkOE1GHE7o,-7.928837,112.6547881,+62 813-3479-9920,,,,,,,,,,,,,,
ChIJUfq7Pv4p1i0R6EN0-tkifSY,Taman wisata rakyat,5.0,2,Wisata Rekreasi,Kota Malang,"Jl. Gajahmada No.2A, RW.3, Kiduldalem, Kec. Klojen, Kota Malang, Jawa Timur 65119, Indonesia",65119,https://lh5.googleusercontent.com/p/AF1QipMGywQDRBtspzdHLk65CoV9Bba4s0ioY-erKbfG=w408-h725-k-no,https://www.google.com/maps/search/?api=1&query=Taman%20wisata%20rakyat&query_place_id=ChIJUfq7Pv4p1i0R6EN0-tkifSY,-7.9788515,112.6342684,,,,,,,,,,,,,,,
ChIJESmrMwAp1i0RKUZbdbFXtLQ,Pantai Balekambang Malang,5.0,1,Wisata Alam,Kota Malang,"2JMM+932, Samaan, Klojen, Kota Malang, East Java, Indonesia",,https://streetviewpixels-pa.googleapis.com/v1/thumbnail?panoid=R0bP7ABr6SxL3vEJbPPPKA&cb_client=search.gws-prod.gps&w=408&h=240&yaw=73.86212&pitch=0&thumbfov=100,https://www.google.com/maps/search/?api=1&query=Pantai%20Balekambang%20Malang&query_place_id=ChIJESmrMwAp1i0RKUZbdbFXtLQ,-7.9666204,112.6326321,,,,,,,,,,,,,,,
ChIJncmAjqODeC4ROMDphxqZJMk,Kawasan Wisata Peduli Perubahan Iklim Tirta Rona,5.0,2,Wisata Edukasi,Kota Malang,"Jl. Raya Tlogomas Gg. 15c No.7E, Tlogomas, Kec. Lowokwaru, Kota Malang, Jawa Timur 65144, Indonesia",65144,https://lh5.googleusercontent.com/p/AF1QipPC4wSxh8NOAIyWEICEyGlP97mHkMvc-_eS9IVF=w408-h306-k-no,https://www.google.com/maps/search/?api=1&query=Kawasan%20Wisata%20Peduli%20Perubahan%20Iklim%20Tirta%20Rona&query_place_id=ChIJncmAjqODeC4ROMDphxqZJMk,-7.9251522,112.600476,,,,,,,,,,,,,,,
ChIJnT-uUXov1i0RxxGlnZX05h8,Candi Sewu Lembah Tumpang,4.8,92,Wisata Sejarah,Kabupaten Malang,"2P4Q+2JH, Jl. Desa Glanggang, Sumberringin, Wringinsongo, Kec. Tumpang, Kabupaten Malang, Jawa Timur 65156, Indonesia",65156,https://lh5.googleusercontent.com/p/AF1QipMdBeIXvdQVIr_Gd0uWcHQc0zFufVSOm6oqnM0I=w408-h306-k-no,https://www.google.com/maps/search/?api=1&query=Candi%20Sewu%20Lembah%20Tumpang&query_place_id=ChIJnT-uUXov1i0RxxGlnZX05h8,-7.9949319,112.7391018,,Monday,7:30 AM to 5 PM,Tuesday,7:30 AM to 5 PM,Wednesday,7:30 AM to 5 PM,Thursday,7:30 AM to 5 PM,Friday,7:30 AM to 5 PM,Saturday,7:30 AM to 5 PM,Sunday,7:30 AM to 5 PM
ChIJORV0cHiCeC4RtZzDipce170,Dam Kadalpang,4.1,93,Wisata Alam,Kota Malang,"2JRF+VPP, Jl. Mayjen Panjaitan Dalam, Penanggungan, Kec. Klojen, Kota Malang, Jawa Timur 65113, Indonesia",65113,https://lh5.googleusercontent.com/p/AF1QipNhBKDbk0HOC7lSM8lP6W0TD8o_nFSHYwtOY3Gm=w408-h305-k-no,https://www.google.com/maps/search/?api=1&query=Dam%20Kadalpang&query_place_id=ChIJORV0cHiCeC4RtZzDipce170,-7.9577925,112.6243295,,,,,,,,,,,,,,,
ChIJ23IsPzCBeC4RIex3GhfXPpU,Batu Night Spectacular (BNS),4.5,36845,Wisata Rekreasi,Kota Batu,"Jl. Hayam Wuruk No.1, Oro-Oro Ombo, Kec. Batu, Kota Batu, Jawa Timur 65316, Indonesia",65316,https://lh5.googleusercontent.com/p/AF1QipM_BFXZzRfRRhD643Y7n_58z_S_ue1V12vtUiBf=w426-h240-k-no,https://www.google.com/maps/search/?api=1&query=Batu%20Night%20Spectacular%20(BNS)&query_place_id=ChIJ23IsPzCBeC4RIex3GhfXPpU,-7.8965273,112.5345306,+62 341 5025111,Monday,3 to 11 PM,Tuesday,3 to 11 PM,Wednesday,3 to 11 PM,Thursday,3 to 11 PM,Friday,3 to 11 PM,Saturday,3 to 11 PM,Sunday,3 to 11 PM
ChIJb2P6J4cp1i0RKOlBijtKgMQ,Lapangan Rampal,4.7,8268,Wisata Rekreasi,Kota Malang,"Jl. Panglima Sudirman No.64, Kesatrian, Kec. Blimbing, Kota Malang, Jawa Timur 65153, Indonesia",65153,https://lh5.googleusercontent.com/p/AF1QipNtdlflWV74kTsDo2OD6XE3uwjo5Wq2zOV3GxZv=w425-h240-k-no,https://www.google.com/maps/search/?api=1&query=Lapangan%20Rampal&query_place_id=ChIJb2P6J4cp1i0RKOlBijtKgMQ,-7.973734,112.6403979,,Monday,Open 24 hours,Tuesday,Open 24 hours,Wednesday,Open 24 hours,Thursday,Open 24 hours,Friday,Open 24 hours,Saturday,Open 24 hours,Sunday,Open 24 hours
ChIJqbXgGZCDeC4R2g1e5pvbBic,Wisata Petik Jeruk Dau,4.7,156,Wisata Edukasi,Kabupaten Malang,"3G6Q+GQ7, Selorejo, Kec. Dau, Kabupaten Malang, Jawa Timur 65151, Indonesia",65151,https://lh5.googleusercontent.com/p/AF1QipMl4YpyYG7YBJ6zTLIwVP9EC73xw7NNAN66nTKG=w408-h306-k-no,https://www.google.com/maps/search/?api=1&query=Wisata%20Petik%20Jeruk%20Dau&query_place_id=ChIJqbXgGZCDeC4R2g1e5pvbBic,-7.938718,112.5394091,,Monday,Open 24 hours,Tuesday,Open 24 hours,Wednesday,Open 24 hours,Thursday,Open 24 hours,Friday,Open 24 hours,Saturday,Open 24 hours,Sunday,Open 24 hours
ChIJy2srxV0p1i0R9TJr0UNUdeU,bromoindonesia.id,4.8,25,Tourist attraction,Kota Malang,"Jl. Bondowoso No.16, Gading Kasri, Kec. Klojen, Kota Malang, Jawa Timur 65115, Indonesia",65115,https://lh5.googleusercontent.com/p/AF1QipM5yN8wZxQnUdfsUVsqsCtNTfRfdZZgcGlg7a3Z=w520-h240-k-no,https://www.google.com/maps/search/?api=1&query=bromoindonesia.id&query_place_id=ChIJy2srxV0p1i0R9TJr0UNUdeU,-7.9676542,112.6161205,+62 813-3432-7883,Monday,Open 24 hours,Tuesday,Open 24 hours,Wednesday,Open 24 hours,Thursday,Open 24 hours,Friday,Open 24 hours,Saturday,Open 24 hours,Sunday,Open 24 hours
ChIJgc19pGYp1i0RdwpnmI2xNZI,Taman Air NAHELOP,4.5,12,Wisata Rekreasi,Kota Malang,"2J6V+23G, Jl. Permadi, Polehan, Kec. Blimbing, Kota Malang, Jawa Timur 65121, Indonesia",65121,https://lh5.googleusercontent.com/p/AF1QipOr5qHT8PdPJMA_Xl0hIVeZouFDqJY2qpAhSRT7=w408-h725-k-no,https://www.google.com/maps/search/?api=1&query=Taman%20Air%20NAHELOP&query_place_id=ChIJgc19pGYp1i0RdwpnmI2xNZI,-7.98993,112.6426932,,Monday,Open 24 hours,Tuesday,Open 24 hours,Wednesday,Open 24 hours,Thursday,Open 24 hours,Friday,Open 24 hours,Saturday,Open 24 hours,Sunday,Open 24 hours
ChIJHyRmOGQp1i0Rvo8bar0PQEQ,Puncak BTU,4.5,6,Wisata Rekreasi,Kota Malang,"2M5C+8H, Madyopuro, Kedungkandang, Kota Malang, East Java, Indonesia",,https://lh5.googleusercontent.com/p/AF1QipNdZ2hywh8IRcBoAu_IbaP_z7uchh4khtbqyH_f=w533-h240-k-no,https://www.google.com/maps/search/?api=1&query=Puncak%20BTU&query_place_id=ChIJHyRmOGQp1i0Rvo8bar0PQEQ,-7.9916599,112.671489,,Monday,Open 24 hours,Tuesday,Open 24 hours,Wednesday,Open 24 hours,Thursday,Open 24 hours,Friday,Open 24 hours,Saturday,Open 24 hours,Sunday,Open 24 hours
ChIJ6co0RBEp1i0Rk9Ww7uaEop4,WISATA AIR MADYOPURO,5.0,1,Wisata Rekreasi,Kota Malang,"Jl. Raya Cemorokandang No.20, Madyopuro, Kec. Kedungkandang, Kota Malang, Jawa Timur 65139, Indonesia",65139,https://lh5.googleusercontent.com/p/AF1QipNSaHqOKCmCrPW7s6Hljys7YQAl9-hRlgqS2JKZ=w408-h306-k-no,https://www.google.com/maps/search/?api=1&query=WISATA%20AIR%20MADYOPURO&query_place_id=ChIJ6co0RBEp1i0Rk9Ww7uaEop4,-7.9767907,112.6777845,,Monday,Open 24 hours,Tuesday,Open 24 hours,Wednesday,Open 24 hours,Thursday,Open 24 hours,Friday,Open 24 hours,Saturday,Open 24 hours,Sunday,Open 24 hours
ChIJUesp1qEp1i0RwkbxJmhXRvU,Tangga Seribu,5.0,12,Wisata Rekreasi,Kota Malang,"Jl. Widodaren No.20, Kauman, Kec. Klojen, Kota Malang, Jawa Timur 65119, Indonesia",65119,https://lh5.googleusercontent.com/p/AF1QipPr1-Ij0JYKdWzFexDWcHy-yVQ3ZUu4sO6ip1Xr=w426-h240-k-no,https://www.google.com/maps/search/?api=1&query=Tangga%20Seribu&query_place_id=ChIJUesp1qEp1i0RwkbxJmhXRvU,-7.9790196,112.6277067,,Monday,7 AM to 6:30 PM,Tuesday,7 AM to 6:30 PM,Wednesday,7 AM to 6:30 PM,Thursday,7 AM to 6:30 PM,Friday,7 AM to 6:30 PM,Saturday,7 AM to 6 PM,Sunday,7 AM to 6:30 PM
ChIJc5CL2iko1i0RJcrZUeWz2oE,Taman Dempo,4.6,382,Wisata Rekreasi,Kota Malang,"2JJC+95P, Jl. Dempo, Oro-oro Dowo, Kec. Klojen, Kota Malang, Jawa Timur 65119, Indonesia",65119,https://lh5.googleusercontent.com/p/AF1QipOmv5ooFS8olhnPFINXiRzidFkRTrq_gayEJDBe=w426-h240-k-no,https://www.google.com/maps/search/?api=1&query=Taman%20Dempo&query_place_id=ChIJc5CL2iko1i0RJcrZUeWz2oE,-7.96904,112.6204436,,Monday,Open 24 hours,Tuesday,Open 24 hours,Wednesday,Open 24 hours,Thursday,Open 24 hours,Friday,Open 24 hours,Saturday,Open 24 hours,Sunday,Open 24 hours
ChIJG0GaSiso1i0RB_s02rnEl40,City Garden,4.6,346,Wisata Rekreasi,Kota Malang,"Jl. Bandung No.8-16, Penanggungan, Kec. Klojen, Kota Malang, Jawa Timur 65113, Indonesia",65113,https://lh5.googleusercontent.com/p/AF1QipPAobRr3QlU-TWSNWfQyBL8cGoBJvnQ3Z98Ms1p=w408-h306-k-no,https://www.google.com/maps/search/?api=1&query=City%20Garden&query_place_id=ChIJG0GaSiso1i0RB_s02rnEl40,-7.9619865,112.6243744,,Monday,Open 24 hours,Tuesday,Open 24 hours,Wednesday,Open 24 hours,Thursday,Open 24 hours,Friday,Open 24 hours,Saturday,Open 24 hours,Sunday,Open 24 hours
ChIJeSTqAQQp1i0RElU53Z98XNw,Pojok Dolanan,4.0,2,Wisata Rekreasi,Kota Malang,"2JCH+95H, Kauman, Klojen, Kota Malang, East Java 65119, Indonesia",65119,https://lh5.googleusercontent.com/p/AF1QipPPmPZ-J3Jqqcz2yUcAGE9AXP16Pv2JgxbGCqI0=w408-h544-k-no,https://www.google.com/maps/search/?api=1&query=Pojok%20Dolanan&query_place_id=ChIJeSTqAQQp1i0RElU53Z98XNw,-7.9790588,112.6279964,,,,,,,,,,,,,,,
ChIJPwYt_VuDeC4RG11gK_HbJv4,Galeri Lempung Agung - Kampung Gerabah,5.0,3,Wisata Budaya,Kota Malang,"Jl. Mayjend Panjaitan Gg.18C No.208A, Penanggungan, Kec. Klojen, Kota Malang, Jawa Timur 65113, Indonesia",65113,https://lh5.googleusercontent.com/p/AF1QipOMzUoFAsZzHuR21HZ0dqoZtlboCgZ-i6FtzUVI=w408-h305-k-no,https://www.google.com/maps/search/?api=1&query=Galeri%20Lempung%20Agung%20-%20Kampung%20Gerabah&query_place_id=ChIJPwYt_VuDeC4RG11gK_HbJv4,-7.951548,112.618357,+62 878-6595-1301,Monday,9 AM to 9 PM,Tuesday,9 AM to 9 PM,Wednesday,9 AM to 9 PM,Thursday,Closed,Friday,Closed,Saturday,Open 24 hours,Sunday,Open 24 hours
ChIJY-UH0gEp1i0RuRkXE-g_nx0,Brantas View Kampung Warna Warni,4.8,4,Wisata Rekreasi,Kota Malang,"Jl. Ir. H. Juanda No.6-14, Jodipan, Kec. Blimbing, Kota Malang, Jawa Timur 65126, Indonesia",65126,https://lh5.googleusercontent.com/p/AF1QipPeWIhG075UfNNStsL4aBdCah-oqy67JU5Ml_8t=w426-h240-k-no,https://www.google.com/maps/search/?api=1&query=Brantas%20View%20Kampung%20Warna%20Warni&query_place_id=ChIJY-UH0gEp1i0RuRkXE-g_nx0,-7.9837624,112.63847,,,,,,,,,,,,,,,
ChIJ6epExiIp1i0RGsbIunRiyrU,Malang Train Station,4.5,80,Wisata Rekreasi,Kota Malang,"Jl. Sriwijaya No.3, RW.3, Kiduldalem, Kec. Klojen, Kota Malang, Jawa Timur 65119, Indonesia",65119,https://lh5.googleusercontent.com/p/AF1QipNCzIkAtf5oigV38YJynfDXabJpJp3L2OAg3C7n=w408-h306-k-no,https://www.google.com/maps/search/?api=1&query=Malang%20Train%20Station&query_place_id=ChIJ6epExiIp1i0RGsbIunRiyrU,-7.9772066,112.6374352,,,,,,,,,,,,,,,
ChIJQWV8sTUr1i0RGFLpSUg45AI,Wisata kali djaeng,5.0,9,Wisata Alam,Kabupaten Malang,"3JQQ+Q8J, Losawi, Tanjungtirto, Kec. Singosari, Kabupaten Malang, Jawa Timur 65153, Indonesia",65153,https://lh5.googleusercontent.com/p/AF1QipPzs0fm26Be7hcQ27qYtoBX1NxO4ZMpmE_R2aas=w537-h240-k-no,https://www.google.com/maps/search/?api=1&query=Wisata%20kali%20djaeng&query_place_id=ChIJQWV8sTUr1i0RGFLpSUg45AI,-7.9105493,112.6382561,,Monday,Open 24 hours,Tuesday,Open 24 hours,Wednesday,Open 24 hours,Thursday,Open 24 hours,Friday,Open 24 hours,Saturday,Open 24 hours,Sunday,Open 24 hours
ChIJNzNK0mEr1i0RqnsURtPhvPI,Wisata sumber suceng,4.4,20,Wisata Alam,Kabupaten Malang,"4J3P+57M, Jl. Kramat, Langlang III, Langlang, Kec. Singosari, Kabupaten Malang, Jawa Timur 65153, Indonesia",65153,https://lh5.googleusercontent.com/p/AF1QipNk9YZHIhZ91H6XHCQ60bnR07wa3ZugLUZAAPG5=w408-h725-k-no,https://www.google.com/maps/search/?api=1&query=Wisata%20sumber%20suceng&query_place_id=ChIJNzNK0mEr1i0RqnsURtPhvPI,-7.8970259,112.6356759,+62 855-5902-4744,Monday,Open 24 hours,Tuesday,Open 24 hours,Wednesday,Open 24 hours,Thursday,Open 24 hours,Friday,Open 24 hours,Saturday,Open 24 hours,Sunday,Open 24 hours
ChIJFTBDs7Ip1i0RDUGs9K1CR0I,Kebun Murbei,5.0,24,Wisata Alam,Kota Malang,"Jl. Teluk Cendrawasih, Arjosari, Kec. Blimbing, Kota Malang, Jawa Timur 65126, Indonesia",65126,https://lh5.googleusercontent.com/p/AF1QipOiS7-w-rWDypMD9P3Ee3wEcSxRBGbUIS8BZaU2=w408-h466-k-no,https://www.google.com/maps/search/?api=1&query=Kebun%20Murbei&query_place_id=ChIJFTBDs7Ip1i0RDUGs9K1CR0I,-7.9306506,112.6608826,+62 812-5264-9497,Monday,8 to 10 AM,Tuesday,8 to 10 AM,Wednesday,8 AM to 12 PM,Thursday,8 to 10 AM,Friday,8 to 10 AM,Saturday,8 to 10 AM,Sunday,7 AM to 5 PM
ChIJCVAHNKcp1i0RJ-l9ihtEJ-M,Wonosari Go Green Malang,4.5,13,Wisata Edukasi,Kota Malang,"3J2V+2CJ, Jl. Karya Tim. Wonosari, Purwantoro, Kec. Blimbing, Kota Malang, Jawa Timur 65122, Indonesia",65122,https://lh5.googleusercontent.com/p/AF1QipPsQp6id6hNG7QbIpNpratJBxOtqmKuP_jVKTQc=w408-h306-k-no,https://www.google.com/maps/search/?api=1&query=Wonosari%20Go%20Green%20Malang&query_place_id=ChIJCVAHNKcp1i0RJ-l9ihtEJ-M,-7.9499249,112.6435163,,Monday,7 AM to 4 PM,Tuesday,7 AM to 4 PM,Wednesday,7 AM to 4 PM,Thursday,7 AM to 4 PM,Friday,7 AM to 4 PM,Saturday,7 AM to 4 PM,Sunday,7 AM to 4 PM
ChIJ9-T1f2GBeC4RYTiHVJbvwGM,Eco Green Park,4.6,27446,Wisata Edukasi,Kota Batu,"Jl. Raya Oro-Oro Ombo No.9A, Sisir, Kec. Batu, Kota Batu, Jawa Timur 65314, Indonesia",65314,https://lh5.googleusercontent.com/p/AF1QipNyH7FlQ0YkQMQqUq5ooO4Q24UraF8BSKd7S0ss=w408-h306-k-no,https://www.google.com/maps/search/?api=1&query=Eco%20Green%20Park&query_place_id=ChIJ9-T1f2GBeC4RYTiHVJbvwGM,-7.8877752,112.5266102,+62 341 512525,Monday,9 AM to 5 PM,Tuesday,9 AM to 5 PM,Wednesday,9 AM to 5 PM,Thursday,9 AM to 5 PM,Friday,9 AM to 5 PM,Saturday,9 AM to 5 PM,Sunday,9 AM to 5 PM
ChIJCd1ASe6BeC4R54MXbKazFjA,Kawasan Wisata Terpadu (KAWITE),5.0,2,Wisata Rekreasi,Kabupaten Malang,"Jl. Raya Dermo No.174, Jetak Lor, Mulyoagung, Kec. Dau, Kabupaten Malang, Jawa Timur 65151, Indonesia",65151,https://lh5.googleusercontent.com/p/AF1QipMFQ4SKxrPewP1pdGqXgSXBhl-ls1vmaL3wn6DX=w408-h306-k-no,https://www.google.com/maps/search/?api=1&query=Kawasan%20Wisata%20Terpadu%20(KAWITE)&query_place_id=ChIJCd1ASe6BeC4R54MXbKazFjA,-7.923361,112.5826593,,Monday,7 AM to 5 AM,Tuesday,7 AM to 5 AM,Wednesday,7 AM to 5 AM,Thursday,7 AM to 5 AM,Friday,7 AM to 5 AM,Saturday,7 AM to 5 AM,Sunday,7 AM to 5 AM
ChIJq4SKjPwp1i0RxrbE21n_9Fo,Jembatan sendang Widodaren Wendit,4.7,3,Wisata Rekreasi,Kabupaten Malang,"Jl. Raya Wendit Timur rt03rw05, Krajan, Mangliawan, Kec. Pakis, Kabupaten Malang, Jawa Timur 65154, Indonesia",65154,https://lh5.googleusercontent.com/p/AF1QipOOEdkdOavmhl1nLDov1QTMN2ZGbezHxq5PbOA5=w426-h240-k-no,https://www.google.com/maps/search/?api=1&query=Jembatan%20sendang%20Widodaren%20Wendit&query_place_id=ChIJq4SKjPwp1i0RxrbE21n_9Fo,-7.95411,112.6732733,,Monday,9 AM to 5 PM,Tuesday,9 AM to 5 PM,Wednesday,9 AM to 5 PM,Thursday,9 AM to 5 PM,Friday,Closed,Saturday,9 AM to 5 PM,Sunday,9 AM to 5 PM
ChIJB3Ro2rEp1i0R0r8W9s2P47E,Kampung Kelir,4.5,51,Wisata Rekreasi,Kota Malang,"2J5R+GG4, Gg. V, Kotalama, Kec. Kedungkandang, Kota Malang, Jawa Timur 65136, Indonesia",65136,https://lh5.googleusercontent.com/p/AF1QipMX4YpWqpLzDIZNBcurcCxTiQJhZRgD-cuI2i0G=w408-h306-k-no,https://www.google.com/maps/search/?api=1&query=Kampung%20Kelir&query_place_id=ChIJB3Ro2rEp1i0R0r8W9s2P47E,-7.9912389,112.6413326,,,,,,,,,,,,,,,
ChIJU1G8wgMp1i0Rb_fOzEsVUcE,Pemandian Belakang Wendit Wakaf,4.4,744,Wisata Rekreasi,Kabupaten Malang,"2MVF+VM3, Jl. Simpang Anggodo, Dusun Lowoksuruh, Mangliawan, Kec. Pakis, Kabupaten Malang, Jawa Timur 65154, Indonesia",65154,https://lh5.googleusercontent.com/p/AF1QipN2EqweTuPHJ344gpUyjIsty4_fy4dHB5Nr4-i-=w426-h240-k-no,https://www.google.com/maps/search/?api=1&query=Pemandian%20Belakang%20Wendit%20Wakaf&query_place_id=ChIJU1G8wgMp1i0Rb_fOzEsVUcE,-7.9553541,112.6741869,,,,,,,,,,,,,,,
ChIJL8Tk7EYp1i0R9gq9THv1_a4,Wisata Desa Sawah Sekaran,3.5,4,Wisata Budaya,Kabupaten Malang,"2MGJ+37X, Penjaraan, Sekarpuro, Kec. Pakis, Kabupaten Malang, Jawa Timur, Indonesia",,https://lh5.googleusercontent.com/p/AF1QipM-DUnFNDojtEYF8feKbOMK8vgcrpCy1gfc1OSO=w426-h240-k-no,https://www.google.com/maps/search/?api=1&query=Wisata%20Desa%20Sawah%20Sekaran&query_place_id=ChIJL8Tk7EYp1i0R9gq9THv1_a4,-7.9747617,112.680738,,Monday,8 AM to 6 PM,Tuesday,8 AM to 6 PM,Wednesday,8 AM to 6 PM,Thursday,8 AM to 6 PM,Friday,8 AM to 6 PM,Saturday,8 AM to 6 PM,Sunday,8 AM to 6 PM
ChIJvf7KI00p1i0RoHxp-272kVA,Talang Jabon mangliawan,4.7,9,Wisata Rekreasi,Kota Malang,"2MR7+G5X, Pandanwangi, Blimbing, Kota Malang, East Java 65154, Indonesia",65154,https://lh5.googleusercontent.com/p/AF1QipOHYot7f5fPDhSF-6ho5X9iDXCLyLH0KVt6iIZ6=w408-h306-k-no,https://www.google.com/maps/search/?api=1&query=Talang%20Jabon%20mangliawan&query_place_id=ChIJvf7KI00p1i0RoHxp-272kVA,-7.9586282,112.6629995,,Monday,4 AM to 7 PM,Tuesday,4 AM to 7 PM,Wednesday,4 AM to 7 PM,Thursday,4 AM to 7 PM,Friday,Closed,Saturday,4 AM to 7 PM,Sunday,4 AM to 7 PM
ChIJF8men_Mp1i0RZaqYvDBH7Rg,Offroad Batu,4.9,15,Wisata Rekreasi,Kota Malang,"Jl. Ciliwung I No.76, Purwantoro, Kec. Blimbing, Kota Malang, Jawa Timur 65126, Indonesia",65126,https://lh5.googleusercontent.com/p/AF1QipO0ZpVEAnZh605W3BuiziIMPHs_46S1svO-mTrt=w408-h272-k-no,https://www.google.com/maps/search/?api=1&query=Offroad%20Batu&query_place_id=ChIJF8men_Mp1i0RZaqYvDBH7Rg,-7.9520011,112.6435921,+62 852-5873-5845,Monday,8 AM to 4 PM,Tuesday,8 AM to 4 PM,Wednesday,8 AM to 4 PM,Thursday,8 AM to 4 PM,Friday,8 AM to 4 PM,Saturday,8 AM to 4 PM,Sunday,8 AM to 4 PM
ChIJswU4fG2DeC4RPFUjrB4xZNI,Pondok Wisata Latar Ombo,4.5,259,Wisata Rekreasi,Kabupaten Malang,"Jl. Raya Krobyean Bar., Jurang Dowo, Jedong, Kec. Wagir, Kabupaten Malang, Jawa Timur 65158, Indonesia",65158,https://lh5.googleusercontent.com/p/AF1QipOX5D-29SYLWpFK-2BOyO_akSHbIkPbCDvYv6g_=w408-h272-k-no,https://www.google.com/maps/search/?api=1&query=Pondok%20Wisata%20Latar%20Ombo&query_place_id=ChIJswU4fG2DeC4RPFUjrB4xZNI,-7.9780562,112.5617927,+62 812-4216-2076,Monday,Closed,Tuesday,11 AM to 7 PM,Wednesday,11 AM to 7 PM,Thursday,11 AM to 7 PM,Friday,11 AM to 7 PM,Saturday,11 AM to 7 PM,Sunday,11 AM to 7 PM
ChIJtzBCSGcv1i0R4UKaKYVQOag,Sumber Kletak,4.2,66,Wisata Rekreasi,Kabupaten Malang,"2PCC+P8M, Sumber, Kletak, Pakiskembar, Kec. Pakis, Kabupaten Malang, Jawa Timur 65154, Indonesia",65154,https://lh5.googleusercontent.com/p/AF1QipOHYIphItdSHIr0gaqeRcuJILS22nrDycs31UXm=w480-h240-k-no,https://www.google.com/maps/search/?api=1&query=Sumber%20Kletak&query_place_id=ChIJtzBCSGcv1i0R4UKaKYVQOag,-7.9781609,112.7207988,,Monday,8 AM to 5 PM,Tuesday,8 AM to 5 PM,Wednesday,8 AM to 5 PM,Thursday,8 AM to 5 PM,Friday,Closed,Saturday,8 AM to 5 PM,Sunday,8 AM to 5 PM
ChIJUb30-DGBeC4R3dapiDuWOHA,"Wisata Petik Jambu Merah dan Sayur, Jetak - Dau",3.5,2,Wisata Edukasi,Kabupaten Malang,"Jetak Ngasri, Mulyoagung, Dau, Kabupaten Malang, East Java 65151, Indonesia",65151,https://lh5.googleusercontent.com/p/AF1QipON3c_B2HcrEVkFbiLC2-8Z-8PwuZV3dAwHBFc=w408-h306-k-no,https://www.google.com/maps/search/?api=1&query=Wisata%20Petik%20Jambu%20Merah%20dan%20Sayur%2C%20Jetak%20-%20Dau&query_place_id=ChIJUb30-DGBeC4R3dapiDuWOHA,-7.9185011,112.5822077,,,,,,,,,,,,,,,
ChIJo0qZfBWDeC4RnMnwzE1dDek,Wisata Petik Jeruk Desa Selorejo,4.6,65,Wisata Edukasi,Kabupaten Malang,"3G5M+XPQ, Selorejo, Kec. Dau, Kabupaten Malang, Jawa Timur 65151, Indonesia",65151,https://lh5.googleusercontent.com/p/AF1QipN2rC6MDDuWlesAzCXww3FvNLcRlCe8cGtRLRkH=w408-h306-k-no,https://www.google.com/maps/search/?api=1&query=Wisata%20Petik%20Jeruk%20Desa%20Selorejo&query_place_id=ChIJo0qZfBWDeC4RnMnwzE1dDek,-7.9400468,112.5343735,+62 857-3272-5590,,,,,,,,,,,,,,
ChIJ6fQnuyaDeC4RzDYx5iKe-5o,Wisata Petik Jeruk Pak Kaseri,5.0,6,Wisata Edukasi,Kabupaten Malang,"Jl. Raya Sempu, Sempu, Gadingkulon, Kec. Dau, Kabupaten Malang, Jawa Timur 65151, Indonesia",65151,https://lh5.googleusercontent.com/p/AF1QipM7u7qV0Cx61zX031hnAxBcFjLyhiIc1RbbIpOQ=w408-h306-k-no,https://www.google.com/maps/search/?api=1&query=Wisata%20Petik%20Jeruk%20Pak%20Kaseri&query_place_id=ChIJ6fQnuyaDeC4RzDYx5iKe-5o,-7.9294844,112.566616,+62 822-3239-0396,Monday,8 AM to 5 PM,Tuesday,8 AM to 5 PM,Wednesday,8 AM to 5 PM,Thursday,8 AM to 5 PM,Friday,8 AM to 5 PM,Saturday,8 AM to 5 PM,Sunday,8 AM to 5 PM
ChIJre5FxdmDeC4Roy0auzfvE-0,Amphitheather outdoor kelas dunia,5.0,3,Wisata Rekreasi,Kabupaten Malang,"3H26+6XP, Karang Ampel, Petungsewu, Kec. Dau, Kabupaten Malang, Jawa Timur 65151, Indonesia",65151,https://lh5.googleusercontent.com/p/AF1QipOBqd0ii_V_ME5fKJS5rds_dxDXCD9EJYRn1d29=w426-h240-k-no,https://www.google.com/maps/search/?api=1&query=Amphitheather%20outdoor%20kelas%20dunia&query_place_id=ChIJre5FxdmDeC4Roy0auzfvE-0,-7.9494085,112.5624566,+62 821-4315-0050,,,,,,,,,,,,,,
ChIJ2WGgOwwp1i0RrF7JIlqvgQs,Kampung rolak indah,4.2,5,Wisata Rekreasi,Kota Malang,"Jl. Ki Ageng Gribig No.499, Kedungkandang, Kec. Kedungkandang, Kota Malang, Jawa Timur 65137, Indonesia",65137,https://lh5.googleusercontent.com/p/AF1QipNbi-hKm39ukEhRjZTfsUhv5m_sWmf6-bhXE0v8=w408-h267-k-no,https://www.google.com/maps/search/?api=1&query=Kampung%20rolak%20indah&query_place_id=ChIJ2WGgOwwp1i0RrF7JIlqvgQs,-7.9880635,112.6529325,+62 819-9950-7456,Monday,Open 24 hours,Tuesday,Open 24 hours,Wednesday,Open 24 hours,Thursday,Open 24 hours,Friday,Open 24 hours,Saturday,Open 24 hours,Sunday,Open 24 hours
ChIJ1-QzpfmDeC4Rqq4ieinyS78,Kebun Botol,5.0,53,Wisata Edukasi,Kota Malang,"Gg. 8A No.31, Tlogomas, Kec. Lowokwaru, Kota Malang, Jawa Timur 65144, Indonesia",65144,https://lh5.googleusercontent.com/p/AF1QipOtWJDMk5GYMyFJ1Xv7EJPG7QDRXh0BlIlScAw=w408-h725-k-no,https://www.google.com/maps/search/?api=1&query=Kebun%20Botol&query_place_id=ChIJ1-QzpfmDeC4Rqq4ieinyS78,-7.9272369,112.6034267,+62 852-3694-4780,,,,,,,,,,,,,,
ChIJE7bihqgp1i0RI2hi_tzQ04E,Pandanwangi Park,4.0,400,Wisata Rekreasi,Kota Malang,"Jl. Laksda Adi Sucipto, Blimbing, Kec. Blimbing, Kota Malang, Jawa Timur, Indonesia",,https://lh5.googleusercontent.com/p/AF1QipNleZH1oGi5N4Hi-63ANybuMi_odclPQ7zOgbQM=w408-h306-k-no,https://www.google.com/maps/search/?api=1&query=Pandanwangi%20Park&query_place_id=ChIJE7bihqgp1i0RI2hi_tzQ04E,-7.9499388,112.6642176,,Monday,Open 24 hours,Tuesday,Open 24 hours,Wednesday,Open 24 hours,Thursday,Open 24 hours,Friday,Open 24 hours,Saturday,Open 24 hours,Sunday,Open 24 hours
ChIJbWFzlWEp1i0RjJVtfKr6TX4,Soobakso Rampal,3.9,8,Wisata Rekreasi,Kota Malang,"Soobakso Rampal, Kesatrian, Kec. Blimbing, Kota Malang, Jawa Timur 65111, Indonesia",65111,https://lh5.googleusercontent.com/p/AF1QipPyQjr7UFLyo3QmU_3FPxAmjpM2WfwT5bKy6AEW=w426-h240-k-no,https://www.google.com/maps/search/?api=1&query=Soobakso%20Rampal&query_place_id=ChIJbWFzlWEp1i0RjJVtfKr6TX4,-7.9733957,112.6417193,+62 823-3085-3978,Monday,7:30 AM to 5 PM,Tuesday,7:30 AM to 5 PM,Wednesday,7:30 AM to 5 PM,Thursday,7:30 AM to 5 PM,Friday,7:30 AM to 5 PM,Saturday,7:30 AM to 5 PM,Sunday,7:30 AM to 5 PM
ChIJla-K1d8p1i0REM_An7XviuQ,Museum Mpu Purwa,4.6,683,Museum,Kota Malang,"Perumahan Griya Santa, Jl. Soekarno - Hatta No.210 Blok B, Mojolangu, Lowokwaru, Kota Malang, East Java 65141, Indonesia",65141,https://lh5.googleusercontent.com/p/AF1QipNEC_WAZljFujpLU8vJ_K9Kvh44nRDnV9tqyaBZ=w426-h240-k-no,https://www.google.com/maps/search/?api=1&query=Museum%20Mpu%20Purwa&query_place_id=ChIJla-K1d8p1i0REM_An7XviuQ,-7.9403907,112.6208237,,Monday,Closed,Tuesday,8:30 AM to 3 PM,Wednesday,8:30 AM to 3 PM,Thursday,8:30 AM to 3 PM,Friday,8:30 AM to 2 PM,Saturday,8:30 AM to 3 PM,Sunday,8:30 AM to 3 PM
ChIJ4w7JWwCdeC4R3vU_G4Wpkuc,Kolam Renang Tirta G'dangan,4.0,3,Wisata Rekreasi,Kabupaten Malang,"XHVF+3QG, Jamuran, Sukodadi, Kec. Wagir, Kabupaten Malang, Jawa Timur 65158, Indonesia",65158,https://lh5.googleusercontent.com/p/AF1QipNV93Oxdh-mWYooXq-YiqdyG63uEvAygT-QTiUM=w426-h240-k-no,https://www.google.com/maps/search/?api=1&query=Kolam%20Renang%20Tirta%20G'dangan&query_place_id=ChIJ4w7JWwCdeC4R3vU_G4Wpkuc,-8.0073229,112.5744655,,,,,,,,,,,,,,,
ChIJ1e9O7_0r1i0RJDx-H3EHu6E,Wisata Berkuda dan Kolam Renang,4.9,7,Wisata Rekreasi,Kabupaten Malang,"3JXG+WVW, Jl. Singo Joyo, Mojosari, Ngenep, Kec. Karang Ploso, Kabupaten Malang, Jawa Timur 65152, Indonesia",65152,https://lh5.googleusercontent.com/p/AF1QipOmU6oifK9g21olssWxnWbSDz9ZFG7otNLVzcWJ=w426-h240-k-no,https://www.google.com/maps/search/?api=1&query=Wisata%20Berkuda%20dan%20Kolam%20Renang&query_place_id=ChIJ1e9O7_0r1i0RJDx-H3EHu6E,-7.9001373,112.6272034,,,,,,,,,,,,,,,
ChIJ6T8P96sp1i0RfVDIQRIncxo,Vinny Bromo Sunrise Adventure tours,5.0,6,Wisata Rekreasi,Kota Malang,"Jl. Graha Pelita Asri No.B-30, Pandanwangi, Kec. Blimbing, Kota Malang, Jawa Timur 65126, Indonesia",65126,https://lh5.googleusercontent.com/p/AF1QipM8igqw5yKvUY6De7bK3TnYu0X-iIhnt--bSe1L=w533-h240-k-no,https://www.google.com/maps/search/?api=1&query=Vinny%20Bromo%20Sunrise%20Adventure%20tours&query_place_id=ChIJ6T8P96sp1i0RfVDIQRIncxo,-7.9516856,112.6579401,+62 813-3331-3790,Monday,8 AM to 5 PM,Tuesday,8 AM to 5 PM,Wednesday,8 AM to 5 PM,Thursday,8 AM to 5 PM,Friday,8 AM to 5 PM,Saturday,8 AM to 5 PM,Sunday,8 AM to 5 PM
ChIJWctJxF8v1i0RCOd3uCTQkWs,Lembah Tumpang Resort,4.6,6422,Wisata Rekreasi,Kabupaten Malang,"Jl. Slamet Gg. Gumuk Agung, Glanggang, Slamet, Kec. Tumpang, Kabupaten Malang, Jawa Timur 65156, Indonesia",65156,https://lh5.googleusercontent.com/p/AF1QipMXsG7b4DfkwlomOzwMOqs_P7tT0MZHAjh4_3dJ=w408-h544-k-no,https://www.google.com/maps/search/?api=1&query=Lembah%20Tumpang%20Resort&query_place_id=ChIJWctJxF8v1i0RCOd3uCTQkWs,-7.9943574,112.7380282,+62 811-320-700,,,,,,,,,,,,,,
ChIJbUC4l6op1i0RtDZ3IFF8Z54,Everland Malang,4.5,96,Wisata Rekreasi,Kabupaten Malang,"Jl. Raya Coban Glothak, Area Hutan, Dalisodo, Kec. Wagir, Kabupaten Malang, Jawa Timur 65158, Indonesia",65158,https://lh5.googleusercontent.com/p/AF1QipOnToZy8jOUaw8SWlq4WwgmW2YY4SuJkQPFVDvu=w408-h544-k-no,https://www.google.com/maps/search/?api=1&query=Everland%20Malang&query_place_id=ChIJbUC4l6op1i0RtDZ3IFF8Z54,-7.9817461,112.5211043,+62 889-8978-1119,Monday,9 AM to 3:30 PM,Tuesday,9 AM to 3:30 PM,Wednesday,9 AM to 3:30 PM,Thursday,9 AM to 3:30 PM,Friday,9 AM to 3:30 PM,Saturday,9 AM to 3:30 PM,Sunday,9 AM to 3:30 PM
ChIJjainkZgp1i0R0-KGY26yabw,Kolam Pemancingan & Lesehan Beran Sundeng,4.6,523,Wisata Rekreasi,Kota Malang,"Gg. 17, Sawojajar, Kec. Kedungkandang, Kota Malang, Jawa Timur 65139, Indonesia",65139,https://lh5.googleusercontent.com/p/AF1QipMSmIRSImWkzBgislVZjd9UBMa4iUt8Kq44dMx4=w408-h307-k-no,https://www.google.com/maps/search/?api=1&query=Kolam%20Pemancingan%20%26%20Lesehan%20Beran%20Sundeng&query_place_id=ChIJjainkZgp1i0R0-KGY26yabw,-7.9706652,112.6559987,+62 813-5712-6097,Monday,10 AM to 5 PM,Tuesday,10 AM to 5 PM,Wednesday,10 AM to 5 PM,Thursday,10 AM to 5 PM,Friday,10 AM to 5 PM,Saturday,10 AM to 5 PM,Sunday,10 AM to 5 PM
ChIJow1S4l6DeC4R13rrrR6VJmw,Taman wisata kali belik,3.0,2,Wisata Rekreasi,Kabupaten Malang,"XHW3+2HQ, Yengon Rejo, Petungsewu, Kec. Wagir, Kabupaten Malang, Jawa Timur, Indonesia",,https://lh5.googleusercontent.com/p/AF1QipNhpks2n28O_6h-Goy7QZazvpo4y2bL0x335gkA=w408-h723-k-no,https://www.google.com/maps/search/?api=1&query=Taman%20wisata%20kali%20belik&query_place_id=ChIJow1S4l6DeC4R13rrrR6VJmw,-8.0049195,112.5539842,,Monday,Open 24 hours,Tuesday,Open 24 hours,Wednesday,Open 24 hours,Thursday,Open 24 hours,Friday,Open 24 hours,Saturday,Open 24 hours,Sunday,Open 24 hours
ChIJE0sZbriDeC4ReU26cX-_0Qc,"Wisata alam Waterpark kucur,Dau,Malang",4.7,3,Wisata Alam,Kabupaten Malang,"Unnamed Road, Turi, Kucur, Kec. Dau, Kabupaten Malang, Jawa Timur 65151, Indonesia",65151,https://lh5.googleusercontent.com/p/AF1QipPawzhH9j3LcSNnctbEGVvqEk_XKSheteAT3qck=w408-h306-k-no,https://www.google.com/maps/search/?api=1&query=Wisata%20alam%20Waterpark%20kucur%2CDau%2CMalang&query_place_id=ChIJE0sZbriDeC4ReU26cX-_0Qc,-7.9631885,112.5556944,+62 877-0002-80156,Monday,8:30 AM to 4 PM,Tuesday,8:30 AM to 4 PM,Wednesday,8:30 AM to 4 PM,Thursday,8:30 AM to 4 PM,Friday,8:30 AM to 4 PM,Saturday,8:30 AM to 4 PM,Sunday,8:30 AM to 4 PM
ChIJdQ9eOOgp1i0Rkgk8RNUDpC8,Hawai Waterpark,4.8,8324,Wisata Rekreasi,Kabupaten Malang,"Jl. Graha Kencana Utara V, Karanglo, Banjararum, Kec. Singosari, Kabupaten Malang, Jawa Timur 65153, Indonesia",65153,https://lh5.googleusercontent.com/p/AF1QipNB_5WLtOFoyjfb-ghFmu_GWXLwlwK9XTdyq9nJ=w408-h306-k-no,https://www.google.com/maps/search/?api=1&query=Hawai%20Waterpark&query_place_id=ChIJdQ9eOOgp1i0Rkgk8RNUDpC8,-7.9232799,112.6571,+62 341 4351797,Monday,9 AM to 5 PM,Tuesday,9 AM to 5 PM,Wednesday,9 AM to 5 PM,Thursday,9 AM to 5 PM,Friday,9 AM to 5 PM,Saturday,9 AM to 5 PM,Sunday,9 AM to 5 PM
ChIJb7uvACuBeC4R731LH7nWC8k,Jungle Adventure,4.5,59,Wisata Rekreasi,Kota Batu,"ECO GREEN PARK, Jl. Raya Oro-Oro Ombo, Temas, Kec. Batu, Kota Batu, Jawa Timur 65316, Indonesia",65316,https://lh5.googleusercontent.com/p/AF1QipOnyHT48bgTwNAmtRHbeN_j5ztqVsYRgYRBCRpg=w408-h306-k-no,https://www.google.com/maps/search/?api=1&query=Jungle%20Adventure&query_place_id=ChIJb7uvACuBeC4R731LH7nWC8k,-7.888776,112.527451,,,,,,,,,,,,,,,
ChIJrZ8aoyIo1i0RjOHX0gpmp10,Malang Jami' Grand Mosque,4.8,6094,Wisata Religi,Kota Malang,"Jl. Merdeka Barat No.3, Kauman, Kec. Klojen, Kota Malang, Jawa Timur 65119, Indonesia",65119,https://lh5.googleusercontent.com/p/AF1QipOVMUaGtdMCSeQMS3OTuvAyK2I4bYUyJEr8l1sR=w408-h544-k-no,https://www.google.com/maps/search/?api=1&query=Malang%20Jami'%20Grand%20Mosque&query_place_id=ChIJrZ8aoyIo1i0RjOHX0gpmp10,-7.9824774,112.6299433,+62 341 326359,Monday,4 AM to 8 PM,Tuesday,4 AM to 8 PM,Wednesday,4 AM to 8 PM,Thursday,4 AM to 8 PM,Friday,4 AM to 8 PM,Saturday,4 AM to 8 PM,Sunday,4 AM to 8 PM
ChIJgyIbGxGBeC4RgL8YwycHVcQ,Dino Park Jawa Timur Park 3,4.6,18677,Wisata Rekreasi,Kota Batu,"Jl. Ir. Soekarno No.112, Beji, Kec. Junrejo, Kota Batu, Jawa Timur 65236, Indonesia",65236,https://lh5.googleusercontent.com/p/AF1QipNcCcWN-x7mnZmSk5w0g_uZAwq_dzSSIZhmkB8T=w408-h272-k-no,https://www.google.com/maps/search/?api=1&query=Dino%20Park%20Jawa%20Timur%20Park%203&query_place_id=ChIJgyIbGxGBeC4RgL8YwycHVcQ,-7.897906,112.554027,+62 341 597777,Monday,11 AM to 8 PM,Tuesday,11 AM to 8 PM,Wednesday,11 AM to 8 PM,Thursday,11 AM to 8 PM,Friday,11 AM to 8 PM,Saturday,11 AM to 9 PM,Sunday,11 AM to 9 PM
ChIJi21k2i-BeC4R7bdt0yr4_eo,Lampion Garden (BNS),4.6,250,Wisata Rekreasi,Kota Batu,"Jl. Hayam Wuruk No.1, Oro-Oro Ombo, Kec. Batu, Kota Batu, Jawa Timur 65316, Indonesia",65316,https://lh5.googleusercontent.com/p/AF1QipNP0RYIJaYbjFSWxkCITOaHRWLndc4oNtt-fKCS=w408-h306-k-no,https://www.google.com/maps/search/?api=1&query=Lampion%20Garden%20(BNS)&query_place_id=ChIJi21k2i-BeC4R7bdt0yr4_eo,-7.8952985,112.5341013,+62 341 5025111,Monday,3 to 11 PM,Tuesday,3 to 11 PM,Wednesday,3 to 11 PM,Thursday,3 to 11 PM,Friday,3 to 11 PM,Saturday,3 to 11 PM,Sunday,3 to 11 PM
ChIJL24PbwCBeC4Ra5LHE-38ZkI,jatim park 3,4.7,172,Wisata Rekreasi,Kabupaten Malang,"3JR4+M6, Ngijo, Kec. Junrejo, Kabupaten Malang, Jawa Timur, Indonesia",,https://lh5.googleusercontent.com/p/AF1QipMutLd_Kv5KhxSCLj7LC8_uJ0A5Za8MmCvSuY1f=w408-h544-k-no,https://www.google.com/maps/search/?api=1&query=jatim%20park%203&query_place_id=ChIJL24PbwCBeC4Ra5LHE-38ZkI,-7.8955075,112.5531064,,,,,,,,,,,,,,,
ChIJUdaQnkKBeC4RUaxe_sokFZo,Predator Fun Park,4.4,8183,Wisata Rekreasi,Kota Batu,"Jl. Raya Tlekung No.315, Tlekung, Kec. Junrejo, Kota Batu, Jawa Timur 65327, Indonesia",65327,https://lh5.googleusercontent.com/p/AF1QipPO0cnQUEp4Xm-XoXPn1hr-K6uettYQYlTRfyoj=w408-h306-k-no,https://www.google.com/maps/search/?api=1&query=Predator%20Fun%20Park&query_place_id=ChIJUdaQnkKBeC4RUaxe_sokFZo,-7.9126157,112.5486296,+62 341 531999,Monday,8 AM to 4 PM,Tuesday,8 AM to 4 PM,Wednesday,8 AM to 4 PM,Thursday,8 AM to 4 PM,Friday,8 AM to 4 PM,Saturday,8 AM to 4 PM,Sunday,8 AM to 4 PM
ChIJfc_03_Al1i0RU2LnHo9wE-0,Panji Museum,4.3,1178,Museum,Kabupaten Malang,"Jl. Raya Bangilan No.I, Ringin Anom, Slamet, Kec. Tumpang, Kabupaten Malang, Jawa Timur 65156, Indonesia",65156,https://lh5.googleusercontent.com/p/AF1QipOviTadF4zsltI4XczewDLpbyYSqdR94tDkyx22=w408-h306-k-no,https://www.google.com/maps/search/?api=1&query=Panji%20Museum&query_place_id=ChIJfc_03_Al1i0RU2LnHo9wE-0,-8.0027935,112.7300176,+62 341 789678,Monday,9 AM to 5 PM,Tuesday,9 AM to 5 PM,Wednesday,9 AM to 5 PM,Thursday,9 AM to 5 PM,Friday,9 AM to 5 PM,Saturday,9 AM to 5 PM,Sunday,9 AM to 5 PM
ChIJTaD3iFeCeC4R9LtUQyWkz7c,Kampung Cempluk,4.5,320,Wisata Rekreasi,Kabupaten Malang,"2HJW+QHQ, Jl. Dieng Atas, Sumberjo, Kalisongo, Kec. Dau, Kabupaten Malang, Jawa Timur 65151, Indonesia",65151,https://lh5.googleusercontent.com/p/AF1QipOD6aOZZD1mdKA8QN39hZOJ8QayFE2XzBoXAsP8=w408-h306-k-no,https://www.google.com/maps/search/?api=1&query=Kampung%20Cempluk&query_place_id=ChIJTaD3iFeCeC4R9LtUQyWkz7c,-7.9680344,112.5964792,+62 858-5518-6610,Monday,7 AM to 6 PM,Tuesday,Closed,Wednesday,Closed,Thursday,7 AM to 6 PM,Friday,7 AM to 6 PM,Saturday,7 AM to 6 PM,Sunday,7 AM to 6 PM
ChIJH7xeDGMv1i0R9iWzEsOwGRU,Jalan ke Wisata Air Terjun Coban Jahe Malang,4.0,2,Wisata Rekreasi,Kabupaten Malang,"2PFW+FH9, Jl. Raya Sidorejo, Boto Putih, Sumberpasir, Kec. Pakis, Kabupaten Malang, Jawa Timur 65154, Indonesia",65154,https://streetviewpixels-pa.googleapis.com/v1/thumbnail?panoid=swrrFx2Aem-UnneYanveSw&cb_client=search.gws-prod.gps&w=408&h=240&yaw=214.18968&pitch=0&thumbfov=100,https://www.google.com/maps/search/?api=1&query=Jalan%20ke%20Wisata%20Air%20Terjun%20Coban%20Jahe%20Malang&query_place_id=ChIJH7xeDGMv1i0R9iWzEsOwGRU,-7.9763262,112.7464766,,,,,,,,,,,,,,,
ChIJqaxec-OHeC4RiI_jlfWvuaY,Taman Pinus Campervan Park,4.6,626,Wisata Rekreasi,Kota Batu,"Jalan Langsep No.412 Jalibar, Oro-Oro Ombo, Kec. Batu, Kota Batu, Jawa Timur 65316, Indonesia",65316,https://lh5.googleusercontent.com/p/AF1QipMZayslzcTP96MC6-LKBbcBnUI9NR896euThtmh=w408-h306-k-no,https://www.google.com/maps/search/?api=1&query=Taman%20Pinus%20Campervan%20Park&query_place_id=ChIJqaxec-OHeC4RiI_jlfWvuaY,-7.904017,112.5220532,+62 813-3423-4368,Monday,Open 24 hours,Tuesday,Open 24 hours,Wednesday,Open 24 hours,Thursday,Open 24 hours,Friday,Open 24 hours,Saturday,Open 24 hours,Sunday,Open 24 hours
ChIJh39N5ZIp1i0RXlKRNkak-RQ,Wisata Grojokan Cinta,4.3,9,Wisata Rekreasi,Kota Malang,"Jl. Ki Ageng Gribig No.10, Kedungkandang, Kec. Kedungkandang, Kota Malang, Jawa Timur 65137, Indonesia",65137,https://lh5.googleusercontent.com/p/AF1QipOTsM3riC8BKjNUw03mcea4Y6SjWv7CLtVCfgbh=w408-h529-k-no,https://www.google.com/maps/search/?api=1&query=Wisata%20Grojokan%20Cinta&query_place_id=ChIJh39N5ZIp1i0RXlKRNkak-RQ,-7.9920968,112.6498845,+62 857-8480-9881,,,,,,,,,,,,,,
ChIJ8w6mYrQp1i0Rra2DFPGsS_s,KAMPUNG WAYANG SAMAAN,3.7,9,Wisata Rekreasi,Kota Malang,"2JQH+GFW, Jl. Kaliurang Barat Gg. 7A RW07, Samaan, Kec. Klojen, Kota Malang, Jawa Timur 65112, Indonesia",65112,https://lh5.googleusercontent.com/p/AF1QipPij-Wt1dBOZ944HrLzLb2XpObEL7d0hExm-o0A=w408-h306-k-no,https://www.google.com/maps/search/?api=1&query=KAMPUNG%20WAYANG%20SAMAAN&query_place_id=ChIJ8w6mYrQp1i0Rra2DFPGsS_s,-7.961139,112.6287062,+62 858-5585-5667,,,,,,,,,,,,,,
ChIJxY1s3yco1i0RtWk3ypV64ew,Monumen Melati Kadet Suropati,4.5,89,Wisata Rekreasi,Kota Malang,"Ijen St No.18, Gading Kasri, Klojen, Kota Malang, East Java 65115, Indonesia",65115,https://lh5.googleusercontent.com/p/AF1QipOn4u-no_2Ne1t857PP8MOGVC8bSk-yqFKKMSVl=w426-h240-k-no,https://www.google.com/maps/search/?api=1&query=Monumen%20Melati%20Kadet%20Suropati&query_place_id=ChIJxY1s3yco1i0RtWk3ypV64ew,-7.9722947,112.6216063,,Monday,Open 24 hours,Tuesday,Open 24 hours,Wednesday,Open 24 hours,Thursday,Open 24 hours,Friday,Open 24 hours,Saturday,Open 24 hours,Sunday,Open 24 hours
ChIJE4HT9vGDeC4RFt9AlrwIqMs,"Agrowisata Petik Jeruk Selorejo, Mas Wawan",4.7,6,Wisata Edukasi,Kabupaten Malang,"3G6Q+GQ7, Unnamed Road, Krajan, Selorejo, Kec. Dau, Kabupaten Malang, Jawa Timur 65151, Indonesia",65151,https://lh5.googleusercontent.com/p/AF1QipN8v3daEP6b3wkjvgeYhR8hG_iJb1HGiEz3EzmM=w426-h240-k-no,https://www.google.com/maps/search/?api=1&query=Agrowisata%20Petik%20Jeruk%20Selorejo%2C%20Mas%20Wawan&query_place_id=ChIJE4HT9vGDeC4RFt9AlrwIqMs,-7.938718,112.5394091,+62 852-3284-5673,Monday,7 AM to 5 PM,Tuesday,9 AM to 5 PM,Wednesday,7 AM to 5 PM,Thursday,7 AM to 5 PM,Friday,7 AM to 5 PM,Saturday,7 AM to 5 PM,Sunday,7 AM to 5 PM
ChIJxzV8PeCDeC4RGNW2KRteqaM,Wisata petik jeruk keprok gadingkulon,4.3,4,Wisata Edukasi,Kabupaten Malang,"3GCW+8G9, Krajan, Gadingkulon, Kec. Dau, Kabupaten Malang, Jawa Timur 65151, Indonesia",65151,https://lh5.googleusercontent.com/p/AF1QipPhzh_cFSwTBM2f6yLlJh8xDVl5NHkry1xHKA3V=w408-h544-k-no,https://www.google.com/maps/search/?api=1&query=Wisata%20petik%20jeruk%20keprok%20gadingkulon&query_place_id=ChIJxzV8PeCDeC4RGNW2KRteqaM,-7.9292171,112.5463563,+62 858-1526-8167,Monday,7 AM to 5 PM,Tuesday,7 AM to 5 PM,Wednesday,7 AM to 5 PM,Thursday,7 AM to 5 PM,Friday,7 AM to 5 PM,Saturday,7 AM to 5 PM,Sunday,7 AM to 5 PM
ChIJR1_PC4yBeC4RptjAgbGxZ50,Wisata Goa Jepang,4.2,101,Wisata Rekreasi,Kota Batu,"3GMM+CM6, Jl. Sumber Urip, Tlekung, Kec. Junrejo, Kota Batu, Jawa Timur 65321, Indonesia",65321,https://lh5.googleusercontent.com/p/AF1QipObigtj-lpGUzSod_0AY-lcgw6uZ3mAZBKrN8ds=w408-h306-k-no,https://www.google.com/maps/search/?api=1&query=Wisata%20Goa%20Jepang&query_place_id=ChIJR1_PC4yBeC4RptjAgbGxZ50,-7.9164684,112.5341439,,,,,,,,,,,,,,,
ChIJ97XZMdeBeC4RpgfYEsiwiTw,Drive Thru Park,4.2,229,Wisata Rekreasi,Kota Batu,"Dekat Donut Factory, Ombo, Jl. Jatim Park II JL. Raya Ombo, Temas, Kec. Batu, Kota Batu, Jawa Timur 65316, Indonesia",65316,https://lh5.googleusercontent.com/p/AF1QipN-yI7w50SeMuYg0fenBzvnpwxM6EgbTgh2VJ9Y=w408-h306-k-no,https://www.google.com/maps/search/?api=1&query=Drive%20Thru%20Park&query_place_id=ChIJ97XZMdeBeC4RpgfYEsiwiTw,-7.8885452,112.5301093,+62 341 597777,Monday,10 AM to 5 PM,Tuesday,10 AM to 5 PM,Wednesday,10 AM to 5 PM,Thursday,10 AM to 5 PM,Friday,10 AM to 5 PM,Saturday,10 AM to 5 PM,Sunday,10 AM to 5 PM
ChIJKZ1PBseHeC4RmKGCfh4z_Y8,Batu Flower Garden (wisata),4.1,871,Wisata Rekreasi,Kota Batu,"Unnamed Road, Oro-Oro Ombo, Kec. Batu, Kota Batu, Jawa Timur 65316, Indonesia",65316,https://lh5.googleusercontent.com/p/AF1QipNSNew_XuiS0lU45XFcpnwS5yAb0P_QKvr5ZB7R=w408-h272-k-no,https://www.google.com/maps/search/?api=1&query=Batu%20Flower%20Garden%20(wisata)&query_place_id=ChIJKZ1PBseHeC4RmKGCfh4z_Y8,-7.9117923,112.5187917,+62 852-8572-9354,Monday,8 AM to 4 PM,Tuesday,8 AM to 4 PM,Wednesday,8 AM to 4 PM,Thursday,8 AM to 4 PM,Friday,8 AM to 4 PM,Saturday,8 AM to 4 PM,Sunday,8 AM to 4 PM
ChIJfxnfoGkv1i0R2W-8AfIEpAY,Wahana wisata Pinus alas Bagor,4.4,21,Wisata Alam,Kabupaten Malang,"3PMF+HF8, Jatiarjo, Gn. Jati, Kec. Jabung, Kabupaten Malang, Jawa Timur 65155, Indonesia",65155,https://lh5.googleusercontent.com/p/AF1QipMOcPj1Z4IoD_O4zwlmKMSpL1owU7qc4EkdgV1B=w511-h240-k-no,https://www.google.com/maps/search/?api=1&query=Wahana%20wisata%20Pinus%20alas%20Bagor&query_place_id=ChIJfxnfoGkv1i0R2W-8AfIEpAY,-7.9160788,112.7237157,,,,,,,,,,,,,,,
ChIJ78ov99Up1i0Rank06pRd2MA,De Rumah Playground,4.3,983,Wisata Rekreasi,Kota Malang,"Jl. Veteran No.2, Penanggungan, Kec. Klojen, Kota Malang, Jawa Timur 65113, Indonesia",65113,https://lh5.googleusercontent.com/p/AF1QipOfZDRU93en72UUvhUPbxzqlhpmsxiunJ2khVIZ=w426-h240-k-no,https://www.google.com/maps/search/?api=1&query=De%20Rumah%20Playground&query_place_id=ChIJ78ov99Up1i0Rank06pRd2MA,-7.9581165,112.6203085,+62 341 555566,,,,,,,,,,,,,,
ChIJ3whiOCuBeC4Rl0FGw7B2TEU,Jelajah 5 Benua,4.0,72,Wisata Rekreasi,Kota Batu,"4G6G+383, Jl. Jatim Park II, Temas, Kec. Batu, Kota Batu, Jawa Timur 65315, Indonesia",65315,https://lh5.googleusercontent.com/p/AF1QipNz_3lTXef5unwXWtazT3z6lhm538Bav3ltnq_y=w408-h306-k-no,https://www.google.com/maps/search/?api=1&query=Jelajah%205%20Benua&query_place_id=ChIJ3whiOCuBeC4Rl0FGw7B2TEU,-7.889858,112.5257911,,,,,,,,,,,,,,,
ChIJWZVoXMAp1i0RUMBQA8QsFvM,Sabilillah Mosque,4.8,17223,Wisata Religi,Kota Malang,"Jl. Ahmad Yani No.15, Blimbing, Kec. Blimbing, Kota Malang, Jawa Timur 65126, Indonesia",65126,https://lh5.googleusercontent.com/p/AF1QipPsAZfaqGe3b9OQHgCfqW6Y8xgZ1ficYE7aIE3r=w426-h240-k-no,https://www.google.com/maps/search/?api=1&query=Sabilillah%20Mosque&query_place_id=ChIJWZVoXMAp1i0RUMBQA8QsFvM,-7.9419076,112.6413601,+62 341 491677,Monday,4 AM to 9 PM,Tuesday,4 AM to 9 PM,Wednesday,4 AM to 9 PM,Thursday,4 AM to 9 PM,Friday,4 AM to 9 PM,Saturday,4 AM to 9 PM,Sunday,4 AM to 9 PM
ChIJ0bi3qSIo1i0RTdNp0hXNzqM,"Oud Malang , Tweede Afstandpaal "" Km 0 "" - 0 Km Kota Malang",4.6,39,Wisata Sejarah,Kota Malang,"Jl. Merdeka Utara No.10, Kiduldalem, Kec. Klojen, Kota Malang, Jawa Timur 65119, Indonesia",65119,https://lh5.googleusercontent.com/p/AF1QipN7na0aSxMv2iuXSBQnfQIPrOPKW75XE550vqv_=w408-h306-k-no,https://www.google.com/maps/search/?api=1&query=Oud%20Malang%20%2C%20Tweede%20Afstandpaal%20%22%20Km%200%20%22%20-%200%20Km%20Kota%20Malang&query_place_id=ChIJ0bi3qSIo1i0RTdNp0hXNzqM,-7.9817898,112.63121,,Monday,Open 24 hours,Tuesday,Open 24 hours,Wednesday,Open 24 hours,Thursday,Open 24 hours,Friday,Open 24 hours,Saturday,Open 24 hours,Sunday,Open 24 hours
ChIJG0n3c86AeC4R3tCtqbHAJh8,Batu Rafting,4.4,505,Wisata Alam,Kota Batu,"Jl. Hayam Wuruk No.8, Oro-Oro Ombo, Kec. Batu, Kota Batu, Jawa Timur 65415, Indonesia",65415,https://lh5.googleusercontent.com/p/AF1QipMFsR7h_XZ53wzL2Cqh5FKLfRd4Bh7aT5I3wXTJ=w408-h306-k-no,https://www.google.com/maps/search/?api=1&query=Batu%20Rafting&query_place_id=ChIJG0n3c86AeC4R3tCtqbHAJh8,-7.8920678,112.5325663,+62 812-2222-4375,Monday,7 AM to 4 PM,Tuesday,7 AM to 4 PM,Wednesday,7 AM to 4 PM,Thursday,7 AM to 4 PM,Friday,7 AM to 4 PM,Saturday,7 AM to 4 PM,Sunday,7 AM to 4 PM
ChIJ2_vwKEko1i0R_rrWuzsW_1I,Taman Perumahan,4.4,27,Wisata Alam,Kota Malang,"Blk. V Jl. Comal No.7, Bunulrejo, Kec. Blimbing, Kota Malang, Jawa Timur 65126, Indonesia",65126,https://lh5.googleusercontent.com/p/AF1QipO8w4V3t9JLbomh27bY2TNS5I9dx6R5b0iOWz0=w408-h510-k-no,https://www.google.com/maps/search/?api=1&query=Taman%20Perumahan&query_place_id=ChIJ2_vwKEko1i0R_rrWuzsW_1I,-7.9679184,112.649047,,Monday,Open 24 hours,Tuesday,Open 24 hours,Wednesday,Open 24 hours,Thursday,Open 24 hours,Friday,Open 24 hours,Saturday,Open 24 hours,Sunday,Open 24 hours
ChIJKRjGeruBeC4RcP2_rCx-KTk,BeSt SWB (Sport Wisata Batu),4.7,62,Wisata Rekreasi,Kota Batu,"Jl. Sawahan Bawah No.20, Beji, Kec. Junrejo, Kota Batu, Jawa Timur 65236, Indonesia",65236,https://lh5.googleusercontent.com/p/AF1QipNj_IB3pZgl9rRE9iKO25PyBetghsusKmbZS38=w426-h240-k-no,https://www.google.com/maps/search/?api=1&query=BeSt%20SWB%20(Sport%20Wisata%20Batu)&query_place_id=ChIJKRjGeruBeC4RcP2_rCx-KTk,-7.8899888,112.5525116,+62 878-6544-8884,Monday,7 AM to 10 PM,Tuesday,7 AM to 10 PM,Wednesday,7 AM to 10 PM,Thursday,7 AM to 10 PM,Friday,7 AM to 10 PM,Saturday,7 AM to 10 PM,Sunday,7 AM to 10 PM
ChIJP-lcO0yBeC4RBLPbHH3ztWo,De Beran ( Wisata Beran Lor ) Beran Group,4.5,84,Wisata Rekreasi,Kota Batu,"4G5R+PQ2, Areng Areng, Dadaprejo, Junrejo, Kota Batu, East Java 65233, Indonesia",65233,https://lh5.googleusercontent.com/p/AF1QipNk-ueTKQbamTmlpSLkiunc9XPZ7hRYAUWLC1MP=w408-h306-k-no,https://www.google.com/maps/search/?api=1&query=De%20Beran%20(%20Wisata%20Beran%20Lor%20)%20Beran%20Group&query_place_id=ChIJP-lcO0yBeC4RBLPbHH3ztWo,-7.8907276,112.5418921,,Monday,6 AM to 4 PM,Tuesday,6 AM to 4 PM,Wednesday,6 AM to 4 PM,Thursday,6 AM to 4 PM,Friday,6 AM to 4 PM,Saturday,6 AM to 4 PM,Sunday,6 AM to 4 PM
ChIJAQAAQCko1i0RCmGId8mx1GE,Pasar Oro Oro Dowo,4.7,10879,Wisata Rekreasi,Kota Malang,"Jl. Guntur No.20, Oro-oro Dowo, Kec. Klojen, Kota Malang, Jawa Timur 65112, Indonesia",65112,https://lh5.googleusercontent.com/p/AF1QipNdJyhaYsiTaSZ6XutgHMpbPODyRdolXEpZgyFp=w408-h306-k-no,https://www.google.com/maps/search/?api=1&query=Pasar%20Oro%20Oro%20Dowo&query_place_id=ChIJAQAAQCko1i0RCmGId8mx1GE,-7.9686949,112.6281805,,Monday,5 AM to 5 PM,Tuesday,5 AM to 5 PM,Wednesday,5 AM to 5 PM,Thursday,5 AM to 5 PM,Friday,5 AM to 5 PM,Saturday,5 AM to 5 PM,Sunday,5 AM to 5 PM
ChIJG9Jx342BeC4R8JPnZSSAm0g,Kampung Edukasi Budaya Tradisi Batu,4.6,23,Wisata Budaya,Kota Batu,"4H4F+MGG, Pendem, Junrejo, Kota Batu, East Java 65325, Indonesia",65325,https://lh5.googleusercontent.com/p/AF1QipMF9wVk7co0x_LXknPk7eVc-wFPCFZ4_hgQUif2=w408-h306-k-no,https://www.google.com/maps/search/?api=1&query=Kampung%20Edukasi%20Budaya%20Tradisi%20Batu&query_place_id=ChIJG9Jx342BeC4R8JPnZSSAm0g,-7.8933127,112.5738167,,Monday,Open 24 hours,Tuesday,Open 24 hours,Wednesday,Open 24 hours,Thursday,Open 24 hours,Friday,Open 24 hours,Saturday,Open 24 hours,Sunday,Open 24 hours
ChIJlVd8Ui8o1i0RpagwoIHbj08,"Katedral Malang, Santa Perawan Maria dari Gunung Karmel",4.8,1655,Wisata Religi,Kota Malang,"Jl. Buring No.60, Oro-oro Dowo, Kec. Klojen, Kota Malang, Jawa Timur 65119, Indonesia",65119,https://lh5.googleusercontent.com/p/AF1QipNRZByiMmZCRWKn1205YF98dERCrCkVyHRNdb1v=w408-h297-k-no,https://www.google.com/maps/search/?api=1&query=Katedral%20Malang%2C%20Santa%20Perawan%20Maria%20dari%20Gunung%20Karmel&query_place_id=ChIJlVd8Ui8o1i0RpagwoIHbj08,-7.9687807,112.6240817,,Monday,"6 AM to 12 PM, 5 to 6 PM",Tuesday,"6 AM to 12 PM, 5 to 6 PM",Wednesday,"6 AM to 12 PM, 5 to 6 PM",Thursday,"6 AM to 12 PM, 5 to 6 PM",Friday,"6 AM to 12 PM, 5 to 6 PM",Saturday,6 AM to 8 PM,Sunday,6 AM to 8 PM
ChIJvT0VMXsv1i0RnnfbgoHbwGE,Petik Jeruk Tumpang malang,4.5,54,Wisata Edukasi,Kabupaten Malang,"2P3M+J2V, Jl gumuk agung, Karang Jambe, Slamet, Kec. Tumpang, Kabupaten Malang, Jawa Timur 65156, Indonesia",65156,https://lh5.googleusercontent.com/p/AF1QipOTF4MFZAJwWd__JQqGbi-d7Byjt0VQhqKfV-hC=w408-h306-k-no,https://www.google.com/maps/search/?api=1&query=Petik%20Jeruk%20Tumpang%20malang&query_place_id=ChIJvT0VMXsv1i0RnnfbgoHbwGE,-7.9958778,112.7325422,,,,,,,,,,,,,,,
